EQDS0Q	\\begin{equation}\n{J}_{ab}=-e_{ab}+e_{ba}  \n{M}_{ab}=i(e_{ab}+e_{ba})  \n{B}_l=i(e_{l-1,l-1}-e_{ll})  \n{I}=i \\sum_{a=0}^{N}e_{aa} ,\n\n\\end{equation}	1	physics_9801008
EQDS1Q	\\begin{equation}\n\\begin{array}{lll}\n[{J}_{ab},{J}_{ac}] = {J}_{bc} \n[{J}_{ab},{J}_{bc}] =-{J}_{ac} \n[{J}_{ac},{J}_{bc}] = {J}_{ab}\\\\{}\n[{M}_{ab},{M}_{ac}] = {J}_{bc} \n[{M}_{ab},{M}_{bc}] = {J}_{ac} \n[{M}_{ac},{M}_{bc}] = {J}_{ab} \\\\{}\n[{J}_{ab},{M}_{ac}] = {M}_{bc} \n[{J}_{ab},{M}_{bc}] =-{M}_{ac} \n[{J}_{ac},{M}_{bc}] =-{M}_{ab}\\\\{}\n[{M}_{ab},{J}_{ac}] =-{M}_{bc} \n[{M}_{ab},{J}_{bc}] =-{M}_{ac} \n[{M}_{ac},{J}_{bc}] = {M}_{ab} \\\\{}\n[{J}_{ab},{J}_{de}]= 0 \n[{M}_{ab},{M}_{de}] =0 \n[{J}_{ab},{M}_{de}] =0 \\\\\n\\multicolumn{3}{c}{\n  [{J}_{ab},{B}_l] = ( \\delta_{a,l-1} -\\delta_{b,l-1}  +\n   \\delta_{bl} -\\delta_{al}){M}_{ab}} \\\\\n\\multicolumn{3}{c}{\n  [{M}_{ab},{B}_l] = - ( \\delta_{a,l-1} -\\delta_{b,l-1}  +\n   \\delta_{bl} -\\delta_{al}){J}_{ab}}\n\\end{array}\n\n\\end{equation}	1	physics_9801008
EQDS2Q	\\begin{equation}\n[{J}_{ab},{M}_{ab}] =-2\\sum_{s=a+1}^b {B}_s  \n[{B}_{k},{B}_{l}]=0\n\n\\end{equation}	1	physics_9801008
EQDS3Q	\\begin{equation}\n\\begin{array}{lll}\n[{J}_{ab},{I}] = 0  \n[{M}_{ab},{I}] = 0  \n[{B}_l,{I}] = 0 .\n\\end{array}\n\n\\end{equation}	1	physics_9801008
EQDS4Q	\\begin{equation}\nS_{{\\cal S}} {J}_{ab} = (-1)^{\\chi_{{\\cal S}}(a) + \\chi_{{\\cal S}}(b)} {J}_{ab}  \nS_{{\\cal S}} {M}_{ab} = (-1)^{\\chi_{{\\cal S}}(a) + \\chi_{{\\cal S}}(b)} {M}_{ab}  \nS_{{\\cal S}} {B}_{l} =  {B}_{l}\n\\end{equation}	1	physics_9801008
EQDS5Q	\\begin{equation}\n{\\omega}_{ab}:={\\omega}_{a+1}{\\omega}_{a+2}\\cdots{\\omega}_b  \n  a,b=0,1,\\dots,N  \n  a<b  \n{\\omega}_{aa}:=1\n\n\\end{equation}	1	physics_9801008
EQDS6Q	\\begin{equation}\n{\\omega}_{ac}={\\omega}_{ab}{\\omega}_{bc}  \n  a \\leq b \\leq c  \n{\\omega}_{a}={\\omega}_{a-1\\, a}  \n  a=1,\\dots,N,\n\n\\end{equation}	1	physics_9801008
EQDS7Q	\\begin{equation}\n\\begin{array}{lll}\n[{J}_{ab},{J}_{ac}] ={\\omega}_{ab}{J}_{bc} \n[{J}_{ab},{J}_{bc}] =-{J}_{ac} \n[{J}_{ac},{J}_{bc}] ={\\omega}_{bc}{J}_{ab}\\\\{}\n[{M}_{ab},{M}_{ac}] ={\\omega}_{ab}{J}_{bc} \n[{M}_{ab},{M}_{bc}] ={J}_{ac} \n[{M}_{ac},{M}_{bc}] ={\\omega}_{bc}{J}_{ab} \\\\{}\n[{J}_{ab},{M}_{ac}] ={\\omega}_{ab}{M}_{bc} \n[{J}_{ab},{M}_{bc}] =-{M}_{ac} \n[{J}_{ac},{M}_{bc}] =-{\\omega}_{bc}{M}_{ab}\\\\{}\n[{M}_{ab},{J}_{ac}] =-{\\omega}_{ab}{M}_{bc} \n[{M}_{ab},{J}_{bc}] =-{M}_{ac} \n[{M}_{ac},{J}_{bc}] ={\\omega}_{bc}{M}_{ab} \\\\{}\n[{J}_{ab},{J}_{de}]= 0 \n[{M}_{ab},{M}_{de}] =0 \n[{J}_{ab},{M}_{de}] =0 \\\\\n\\multicolumn{3}{c}{\n   [{J}_{ab},{B}_l] = ( \\delta_{a,l-1} -\\delta_{b,l-1}  +\n    \\delta_{bl} -\\delta_{al}){M}_{ab}} \\\\\n\\multicolumn{3}{c}{\n   [{M}_{ab},{B}_l] = - ( \\delta_{a,l-1} -\\delta_{b,l-1}  +\n    \\delta_{bl} -\\delta_{al}){J}_{ab}} \\\\\n\\end{array}\n\n\\end{equation}	1	physics_9801008
EQDS8Q	\\begin{equation}\n[{J}_{ab},{M}_{ab}] =-2{\\omega}_{ab}\\sum_{s=a+1}^b {B}_s  \n[{B}_{k},{B}_{l}]=0\n\n\\end{equation}	1	physics_9801008
EQDS9Q	\\begin{equation}\n\\begin{array}{lll}\n[{J}_{ab},{I}] = 0  \n[{M}_{ab},{I}] = 0  \n[{B}_l,{I}] = 0\n\n\\end{array}\n\\end{equation}	1	physics_9801008
EQDS10Q	\\begin{equation}\n{{{\\cal I}_{\\omega}}} = {\\mbox{diag}}\\ (1,\\, {\\omega}_{01},\\,{\\omega}_{02},\\dots,\\,{\\omega}_{0N}) =\n       {\\mbox{diag}}\\ (1,\\, {\\omega}_1,\\,{\\omega}_1{\\omega}_2,\\dots,\\,{\\omega}_1\\cdots{\\omega}_N);\n\n\\end{equation}	1	physics_9801008
EQDS11Q	\\begin{equation}\n\\langle \\>a|\\>b \\rangle_{\\omega}:=\n\\bar a^0 b^0 + \\bar a^1 {\\omega}_1 b^1 + \\bar a^2 {\\omega}_1 {\\omega}_2 b^2 + \\dots =\n\\sum_{i=0}^N \\bar a^i{\\omega}_{0i}  b^i.\n\n\\end{equation}	1	physics_9801008
EQDS12Q	\\begin{equation}\n\\langle U \\>a| U \\>b \\rangle_{\\omega}= \\langle \\>a|  \\>b \\rangle_{\\omega}\n \\forall\\, \\>a,\\>b\\in {{\\mathbb C}}^{N+1},\n\n\\end{equation}	1	physics_9801008
EQDS13Q	\\begin{equation}\nU^\\dagger{{{\\cal I}_{\\omega}}} U={{{\\cal I}_{\\omega}}}  \n\\forall U\\in U_{\\omega}(N+1).\n\n\\end{equation}	1	physics_9801008
EQDS14Q	\\begin{equation}\nX^\\dagger{{{\\cal I}_{\\omega}}} +{{{\\cal I}_{\\omega}}} X=0  \n\\forall X\\in  u_{\\omega}(N+1).\n\n\\end{equation}	1	physics_9801008
EQDS15Q	\\begin{equation}\n{J}_{ab}=-{\\omega}_{ab}e_{ab}+e_{ba}  \n{M}_{ab}=i({\\omega}_{ab}e_{ab}+e_{ba})  \n{B}_l=i(e_{l-1,l-1}-e_{ll})  \n{I}=i \\sum_{a=0}^{N}e_{aa}\n\n\\end{equation}	1	physics_9801008
EQDS16Q	\\begin{equation}\n\\langle \\>x|\\>x \\rangle_{\\omega}:= \\sum_{i=0}^N \\bar x^i{\\omega}_{0i}  x^i =1\n\n\\end{equation}	1	physics_9801008
EQDS17Q	\\begin{equation}\n{J}_{ab}\\to {J}'_{ab}=-{J}_{N-b,N-a}  \n{M}_{ab}\\to {M}'_{ab}=-{M}_{N-b,N-a}  \n{B}_{l}\\to {B}'_{l}= {B}_{N+1-l}\n\n\\end{equation}	1	physics_9801008
EQDS18Q	\\begin{equation}\nsu_{{\\omega}_1,{\\omega}_2,\\dots,{\\omega}_{N-1},{\\omega}_N}(N+1)\\simeq\nsu_{{\\omega}_N,{\\omega}_{N-1},\\dots,{\\omega}_2,{\\omega}_1}(N+1)  .\n\n\\end{equation}	1	physics_9801008
EQDS19Q	\\begin{equation}\n\\begin{array}{rl}\n{G}_a:=  \\displaystyle\n\\frac{1}{a} \\Big( {B}_1+2{B}_2+\\dots+(a-1){B}_{a-1}\\Big) + B_a\n\\\\\n+ \n\\displaystyle\n\\frac{1}{N+1-a} \\Big( (N-a){B}_{a+1}+(N-a-1){B}_{a+2}+\\dots+{B}_{N}\\Big).\n\\end{array}\n\n\\end{equation}	1	physics_9801008
EQDS20Q	\\begin{equation}\n{G}_a=i\\Big(\\frac{1}{a}(\\sum_{s=0}^{a-1}e_{ss})-\n           \\frac{1}{N+1-a}(\\sum_{s=a}^{N}e_{ss})\\Big),\n\\end{equation}	1	physics_9801008
EQDS21Q	\\begin{equation}\n\\begin{array}{l}\nsu_{{\\omega}_1,\\dots,{\\omega}_{a-1},{\\omega}_a=0,{\\omega}_{a+1},\\dots,{\\omega}_N}(N+1)\n\\equiv \\\\\n\nt \\odot\n( su_{{\\omega}_1,\\dots,{\\omega}_{a-1}}(a)\n\\oplus\nu(1)\n\\oplus\nsu_{{\\omega}_{a+1},\\dots,{\\omega}_N}(N+1-a)),\n\\end{array}\n\n\\end{equation}	1	physics_9801008
EQDS22Q	\\begin{equation}\n\\begin{array}{l}\nt=\\langle {X}_{ij},\\ i=0,1,\\dots,a-1,\\\n             j=a,a+1,\\dots,N\\rangle \\cr\nsu_{{\\omega}_1,\\dots,{\\omega}_{a-1}}(a) =\\langle\n    {X}_{ij},\\ i,j=0,1,\\dots,a-1\\ ;\\\n    {B}_l,\\ l=1, \\dots ,a-1 \\rangle \\cr\nu(1) = \\langle {G}_a \\rangle \\cr\nsu_{{\\omega}_{a+1},\\dots,{\\omega}_N}(N+1-a) =\\langle\n    {X}_{ij},\\, i,j=a,a+1,\\dots,N;\\,\n    {B}_l,\\ l=a+1, \\dots,N \\rangle.\n\\end{array}\n\n\\end{equation}	1	physics_9801008
EQDS23Q	\\begin{equation}\nsu_{0,{\\omega}_2,\\dots,{\\omega}_N}(N+1)\n\\equiv t_{2N}\\odot  u_{{\\omega}_2,\\dots,{\\omega}_N}(N).\n\\end{equation}	1	physics_9801008
EQDS24Q	\\begin{equation}\nt_{2N}\\odot  u_{{\\omega}_2,\\dots,{\\omega}_N}(N) \\equiv iu({p,q})\n p+q=N \\\n\\end{equation}	1	physics_9801008
EQDS25Q	\\begin{equation}\n[X_i,X_j]=\\sum_{k=1}^r C_{ij}^k X_k  + {\\xi}_{ij} \\Xi  \n[\\Xi,X_i]=0 .\n\n\\end{equation}	1	physics_9801008
EQDS26Q	\\begin{equation}\n\\sum_{k=1}^r\n\\left(\nC_{ij}^{k}{\\xi}_{kl}+C_{jl}^{k}{\\xi}_{ki}+C_{li}^{k}{\\xi}_{kj}\n\\right) =0 .\n\n\\end{equation}	1	physics_9801008
EQDS27Q	\\begin{equation}\nX_i\\to X'_i=X_i+\\mu_i\\Xi,\n\n\\end{equation}	1	physics_9801008
EQDS28Q	\\begin{equation}\n[X'_i,X'_j]=\\sum_{k=1}^r\nC_{ij}^k X'_k  + ({\\xi}_{ij} -\\sum_{k=1}^r C_{ij}^k \\mu_k )\\Xi .\n\n\\end{equation}	1	physics_9801008
EQDS29Q	\\begin{equation}\n\\delta\\mu(X_i, X_j) = \\sum_{k=1}^r C_{ij}^k\n\\mu_{k}  .\n\n\\end{equation}	1	physics_9801008
EQDS30Q	\\begin{equation}\n{\\omega}_k {\\beta}_{kl}=0   {\\omega}_l{\\beta}_{kl}=0 .\n\n\\end{equation}	3	physics_9801008
EQDS31Q	\\begin{equation}\n{\\omega}_k {\\gamma}_{k}=0.\n\n\\end{equation}	3	physics_9801008
EQDS32Q	\\begin{equation}\n\\begin{array}{ll}\n[{J}_{ab},{J}_{ac}] ={\\omega}_{ab}({J}_{bc}+{\\eta}_{bc}\\Xi) \n[{M}_{ab},{M}_{ac}] ={\\omega}_{ab}({J}_{bc}+{\\eta}_{bc}\\Xi)\\cr\n[{J}_{ab},{J}_{bc}] =-({J}_{ac} +{\\eta}_{ac}\\Xi) \n[{M}_{ab},{M}_{bc}] ={J}_{ac}+{\\eta}_{ac}\\Xi\\cr\n[{J}_{ac},{J}_{bc}] ={\\omega}_{bc}({J}_{ab} + {\\eta}_{ab}\\Xi) \n[{M}_{ac},{M}_{bc}] ={\\omega}_{bc}({J}_{ab} + {\\eta}_{ab}\\Xi) \\cr\n[{J}_{ab},{J}_{mn}]=0 \n[{M}_{ab},{M}_{mn}] =0\\cr\n[{J}_{ab},{M}_{ac}] ={\\omega}_{ab}({M}_{bc}+{\\tau}_{bc} \\Xi) \n[{M}_{ab},{J}_{ac}] =-{\\omega}_{ab}({M}_{bc} +  {\\tau}_{bc}\\Xi)\n\\cr\n[{J}_{ab},{M}_{bc}] =-({M}_{ac}+ {\\tau}_{ac} \\Xi) \n[{M}_{ab},{J}_{bc}] =-({M}_{ac} + {\\tau}_{ac} \\Xi)\n\\cr\n[{J}_{ac},{M}_{bc}] =-{\\omega}_{bc}({M}_{ab} +{\\tau}_{ab}\\Xi) \n[{M}_{ac},{J}_{bc}] ={\\omega}_{bc}({M}_{ab} + {\\tau}_{ab} \\Xi)\n\\cr\n[{J}_{ab},{M}_{mn}] =0 \n[{M}_{ab},{J}_{mn}] =0 \\cr\n\\multicolumn{2}{l}{\n[{J}_{ab},{B}_l] = ( \\delta_{a,l-1} -\\delta_{b,l-1}  +\n\\delta_{bl} -\\delta_{al}) ({M}_{ab} + {\\tau}_{ab} \\Xi)}\\cr\n\\multicolumn{2}{l}{\n[{M}_{ab},{B}_l] = - ( \\delta_{a,l-1} -\\delta_{b,l-1}  +\n\\delta_{bl} -\\delta_{al})({J}_{ab}   + {\\eta}_{ab} \\Xi)}\\cr\n\\multicolumn{2}{l}\n{\\displaystyle\n[{J}_{ab},{M}_{ab}]=-2{\\omega}_{ab}\\sum_{s=a+1}^b {B}_s +\n\\sum_{s=a+1}^b{\\omega}_{a\\,s-1}{\\omega}_{sb}\\,{\\alpha}_{s} \\Xi  \n[{B}_k,{B}_l]={\\beta}_{kl}\\Xi}\n\\end{array}\n\n\\end{equation}	1	physics_9801008
EQDS33Q	\\begin{equation}\n\\begin{array}{lll}\n[{J}_{ab},{I}] = 0   \n[{M}_{ab},{I}] = 0   \n[{B}_k,{I}] ={\\gamma}_k \\Xi,\n\n\\end{array}\n\\end{equation}	1	physics_9801008
EQDS34Q	\\begin{equation}\n\\begin{array}{ll}\n{\\eta}_{ac} = -{\\xi}({J}_{ab}, {J}_{bc})   \n  {\\tau}_{ac} = -{\\xi}({J}_{ab},  {M}_{bc}) \\\\\n{\\alpha}_{k} = {\\xi}({J}_{k-1\\,k}, {M}_{k-1\\, k})  \n  {\\beta}_{kl} = {\\xi}({B}_{k}, {B}_{l})\n\\end{array}\n\n\\end{equation}	1	physics_9801008
EQDS35Q	\\begin{equation}\n {\\gamma}_k = {\\xi}({B}_k, {I}).\n\n\\end{equation}	1	physics_9801008
EQDS36Q	\\begin{equation}\n{J}_{ab}\\to {J}'_{ab}={J}_{ab}+{\\sigma}_{ab}\\Xi  \n{M}_{ab}\\to {M}'_{ab}={M}_{ab}+{\\rho}_{ab}\\Xi  \n{B}_{k}\\to {B}'_{k}={B}_{k}+{\\upsilon}_{k}\\Xi\n\n\\end{equation}	1	physics_9801008
EQDS37Q	\\begin{equation}\n{I} \\to {I} + {\\varsigma} \\Xi\n\\end{equation}	1	physics_9801008
EQDS38Q	\\begin{equation}\n\\begin{array}{ll}\n\\delta\\mu({J}_{ab}, {J}_{bc}) = - {\\sigma}_{ac}  \n\\delta\\mu({J}_{ab}, {M}_{bc}) = - {\\rho}_{ac} \\\\\n\\delta\\mu({J}_{k-1\\, k}, {M}_{k-1\\, k}) = -2 {\\omega}_k {\\upsilon}_{k}  \n\\delta\\mu({B}_{k}, {B}_{l}) = 0\n\\end{array}\n\n\\end{equation}	1	physics_9801008
EQDS39Q	\\begin{equation}\n\\delta\\mu({B}_k, {I})=0\\,.\n\n\\end{equation}	1	physics_9801008
EQDS40Q	\\begin{equation}\n\\displaystyle  [{J}_{ab},{M}_{ab}] = -2{\\omega}_{ab}\\sum_{s=a+1}^b {B}_s +\n         \\sum_{s=a+1}^b{\\omega}_{a\\,s-1}{\\omega}_{sb}\\,{\\alpha}_{s} \\Xi  \n[{B}_k,{B}_l]={\\beta}_{kl}\\Xi k<l\n\n\\end{equation}	1	physics_9801008
EQDS41Q	\\begin{equation}\n\\begin{array}{lll}\n[{J}_{ab},{I}] = 0   \n[{M}_{ab},{I}] = 0   \n[{B}_k,{I}]={\\gamma}_{k}\\Xi\n\n\\end{array}\n\\end{equation}	1	physics_9801008
EQDS42Q	\\begin{equation}\n[{J}_{ab},{M}_{ab}]=-2{\\omega}_{ab} \\sum_{s=a+1}^b \\big(  {B}_s -\n\\frac{{\\alpha}_{s}}{2 {\\omega}_s} \\big) \\Xi \n\n\\end{equation}	1	physics_9801008
EQDS43Q	\\begin{equation}\n{\\mbox{dim}}\\,\n(H^2({su}_{\\omega}(N+1),{{\\mathbb R}})=n + \\frac {n(n-1)}{2} =\n  \\frac{n(n+1)}2\n\n\\end{equation}	1	physics_9801008
EQDS44Q	\\begin{equation}\n{\\mbox{dim}}\\,\n(H^2({u}_{\\omega}(N+1),{{\\mathbb R}})=n + \\frac {n(n-1)}{2} +n =\n  \\frac {n(n+3)}2.\n\n\\end{equation}	1	physics_9801008
EQDS45Q	\\begin{equation}\n[{J}_{01},{M}_{01}] =-2{\\omega}_1{B}_1+{\\alpha}_{1}\\Xi  \n[{J}_{01},{B}_{1}] =2{M}_{01}  \n[{M}_{01},{B}_{1}] =-2{J}_{01}.\n\\end{equation}	1	physics_9801008
EQDS46Q	\\begin{equation}\n{B}_1 \\to {B}_1 - \\frac{{\\alpha}_{1}}{2{\\omega}_1} \\Xi .\n\\end{equation}	1	physics_9801008
EQDS47Q	\\begin{equation}\n\\begin{array}{lll}\n[{J}_{01},{J}_{02}] ={\\omega}_{1}{J}_{12} \n[{J}_{01},{J}_{12}] =-{J}_{02} \n[{J}_{02},{J}_{12}] ={\\omega}_{2}{J}_{01}\\cr\n[{M}_{01},{M}_{02}] ={\\omega}_{1}{J}_{12} \n[{M}_{01},{M}_{12}] ={J}_{02} \n[{M}_{02},{M}_{12}] ={\\omega}_{2}{J}_{01} \\cr\n[{J}_{01},{M}_{02}] ={\\omega}_{1}{M}_{12} \n[{J}_{01},{M}_{12}] =-{M}_{02} \n[{J}_{02},{M}_{12}] =-{\\omega}_{2}{M}_{01}\\cr\n[{M}_{01},{J}_{02}] =-{\\omega}_{1}{M}_{12} \n[{M}_{01},{J}_{12}] =-{M}_{02} \n[{M}_{02},{J}_{12}] ={\\omega}_{2}{M}_{01} \\cr\n[{J}_{01},{B}_{1}] =2{M}_{01} \n[{J}_{02},{B}_{1}] = {M}_{02} \n[{J}_{12},{B}_{1}] =- {M}_{12}\\cr\n[{J}_{01},{B}_{2}] =-{M}_{01} \n[{J}_{02},{B}_{2}] = {M}_{02} \n[{J}_{12},{B}_{2}] =2{M}_{12}\\cr\n[{M}_{01},{B}_{1}] =-2{J}_{01} \n[{M}_{02},{B}_{1}] = -{J}_{02} \n[{M}_{12},{B}_{1}] ={J}_{12}\\cr\n[{M}_{01},{B}_{2}] ={J}_{01} \n[{M}_{02},{B}_{2}] = -{J}_{02} \n[{M}_{12},{B}_{2}] =-2{J}_{12}\n\\end{array}\n\n\\end{equation}	1	physics_9801008
EQDS48Q	\\begin{equation}\n\\begin{array}{l}\n[{J}_{01},{M}_{01}] =-2{\\omega}_1{B}_1+{\\alpha}_{1}\\Xi\n   [{J}_{12},{M}_{12}] =-2{\\omega}_2{B}_2 +   {\\alpha}_{2}\\Xi \\cr\n [{J}_{02},{M}_{02}] ={\\omega}_2(-2{\\omega}_1 {B}_1\n+{\\alpha}_{1}\\Xi)+{\\omega}_1(  -2{\\omega}_2 {B}_2 +   {\\alpha}_{2}\\Xi   )\\cr\n[{B}_1,{B}_2]={\\beta}_{12}\\Xi .\n\\end{array}\n\n\\end{equation}	1	physics_9801008
EQDS49Q	\\begin{equation}\n{B}_1 \\to {B}_1 - \\frac{{\\alpha}_{1}}{2{\\omega}_1} \\Xi  \n{B}_2 \\to {B}_2 - \\frac{{\\alpha}_{2}}{2{\\omega}_2} \\Xi.\n\\end{equation}	1	physics_9801008
EQDS50Q	\\begin{equation}\n [{J}_{01},{M}_{01}] = {\\alpha}_{1}\\Xi  \n [{J}_{02},{M}_{02}] ={\\omega}_2  {\\alpha}_{1}\\Xi     \n [{J}_{12},{M}_{12}] =-2{\\omega}_2{B}_2   [{B}_1,{B}_2]=0.\n\n\\end{equation}	1	physics_9801008
EQDS51Q	\\begin{equation}\n[{J}_{01},{M}_{01}] =-2{\\omega}_1{B}_1  \n[{J}_{02},{M}_{02}] ={\\omega}_1  {\\alpha}_{2}\\Xi   \n[{J}_{12},{M}_{12}] = {\\alpha}_{2}\\Xi  \n[{B}_1,{B}_2]=0.\n\n\\end{equation}	1	physics_9801008
EQDS52Q	\\begin{equation}\n[{J}_{01},{M}_{01}] ={\\alpha}_{1}\\Xi  \n[{J}_{02},{M}_{02}] =0  \n[{J}_{12},{M}_{12}] = {\\alpha}_{2}\\Xi  \n[{B}_1,{B}_2]={\\beta}_{12}\\Xi.\n\n\\end{equation}	1	physics_9801008
EQDS53Q	\\begin{equation}\n{\\omega}_1 {\\beta}_{12}={\\omega}_2 {\\beta}_{12}=0   \n{\\omega}_1 {\\beta}_{13}={\\omega}_3 {\\beta}_{13}=0   \n{\\omega}_2 {\\beta}_{23}={\\omega}_3 {\\beta}_{23}=0,\n\\end{equation}	1	physics_9801008
EQDS54Q	\\begin{equation}\n\\begin{array}{l}\n[{J}_{01},{M}_{01}] =-2{\\omega}_1{B}_1+{\\alpha}_{1}\\Xi\\cr\n[{J}_{02},{M}_{02}] ={\\omega}_2(-2{\\omega}_1 {B}_1 + {\\alpha}_{1}\\Xi)+{\\omega}_1(\n-2{\\omega}_2 {B}_2 +   {\\alpha}_{2}\\Xi   )\\cr\n[{J}_{03},{M}_{03}] ={\\omega}_2{\\omega}_3(-2{\\omega}_1 {B}_1 + {\\alpha}_{1}\\Xi)\n +{\\omega}_1{\\omega}_3( -2{\\omega}_2 {B}_2 +   {\\alpha}_{2}\\Xi   ) \\cr\n\n +{\\omega}_1{\\omega}_2( -2{\\omega}_3 {B}_3 +   {\\alpha}_{3}\\Xi   )\\cr\n[{J}_{12},{M}_{12}] =-2{\\omega}_2{B}_2 +   {\\alpha}_{2}\\Xi\\cr\n[{J}_{13},{M}_{13}] ={\\omega}_3(-2{\\omega}_2 {B}_2 + {\\alpha}_{2}\\Xi)+{\\omega}_2(\n-2{\\omega}_3 {B}_3 +   {\\alpha}_{3}\\Xi   )\\cr\n[{J}_{23},{M}_{23}] =-2{\\omega}_3{B}_3 +   {\\alpha}_{3}\\Xi\\cr\n[{B}_1,{B}_2]={\\beta}_{12}\\Xi  [{B}_1,{B}_3]={\\beta}_{13}\\Xi \n[{B}_2,{B}_3]={\\beta}_{23}\\Xi .\n\\end{array}\n\n\\end{equation}	1	physics_9801008
EQDS55Q	\\begin{equation}\n\\begin{array}{llll}\n {j}_{ab,de} {m}_{ab,de} {jm}_{ab,de}  {mj}_{ab,de}\\cr\n {jb}_{ab,k} {mb}_{ab,k} {b}_{k,l} {jm}_{ab} \\cr\n {ji}_{ab}  {mi}_{ab} {bi}_l \n\\end{array}\n\n\\end{equation}	1	physics_9801008
EQDS56Q	\\begin{equation}\n\\begin{array}{llll}\n {j}_{ab,cd} {m}_{ab,cd} {jm}_{ab,cd}  {mj}_{ab,cd}\\cr\n {j}_{ac,bd} {m}_{ac,bd} {jm}_{ac,bd}  {mj}_{ac,bd}\\cr\n {j}_{ad,bc} {m}_{ad,bc} {jm}_{ad,bc}  {mj}_{ad,bc}\\cr\n\\end{array}\n\n\\end{equation}	1	physics_9801008
EQDS57Q	\\begin{equation}\n\\begin{array}{llll}\n {j}_{ab,ac} {m}_{ab,ac} {jm}_{ab,ac}  {mj}_{ab,ac}\\cr\n {j}_{ab,bc} {m}_{ab,bc} {jm}_{ab,bc}  {mj}_{ab,bc}\\cr\n {j}_{ac,bc} {m}_{ac,bc} {jm}_{ac,bc}  {mj}_{ac,bc}\\cr\n\\end{array}\n\n\\end{equation}	1	physics_9801008
EQDS58Q	\\begin{equation}\n\\begin{array}{l}\n {jm}_{ab} \\cr\n\\end{array}\n\n\\end{equation}	1	physics_9801008
EQDS59Q	\\begin{equation}\n\\begin{array}{ll}\n {jb}_{ab,i}  {mb}_{ab,i}\n\\end{array}\n\n\\end{equation}	1	physics_9801008
EQDS60Q	\\begin{equation}\n\\begin{array}{ll}\n {jb}_{ab,j}  {mb}_{ab,j}\n\\end{array}\n\n\\end{equation}	1	physics_9801008
EQDS61Q	\\begin{equation}\n\\begin{array}{l}\n {b}_{k,l} \\cr\n\\end{array}\n\n\\end{equation}	1	physics_9801008
EQDS62Q	\\begin{equation}\n\\begin{array}{ll}\n {ji}_{ab}   {mi}_{ab}\n\\end{array}\n\n\\end{equation}	1	physics_9801008
EQDS63Q	\\begin{equation}\n\\begin{array}{ll}\n {bi}_{l}\\ .\n\\end{array}\n\n\\end{equation}	1	physics_9801008
EQDS64Q	\\begin{equation}\n\\begin{array}{ll}\n[{J}_{ab},{J}_{ac}] ={\\omega}_{ab}{J}_{bc}+{j}_{ab,ac}\\Xi \n[{M}_{ab},{M}_{ac}] ={\\omega}_{ab}{J}_{bc}+{m}_{ab,ac}\\Xi\n\\\\{}\n[{J}_{ab},{J}_{bc}] =-{J}_{ac} -{j}_{ab,bc}\\Xi \n[{M}_{ab},{M}_{bc}] ={J}_{ac}+{m}_{ab,bc}\\Xi\n\\\\{}\n[{J}_{ac},{J}_{bc}] ={\\omega}_{bc}{J}_{ab} + {j}_{ac,bc}\\Xi  \n[{M}_{ac},{M}_{bc}] ={\\omega}_{bc}{J}_{ab} + {m}_{ac,bc}\\Xi\n\\\\{}\n[{J}_{ab},{J}_{de}]= {j}_{ab,de}\\Xi \n[{M}_{ab},{M}_{de}] ={m}_{ab,de}\\Xi\n\\\\[0.3cm]\n[{J}_{ab},{M}_{ac}] ={\\omega}_{ab}{M}_{bc}+{jm}_{ab,ac} \\Xi \n[{M}_{ab},{J}_{ac}] =-{\\omega}_{ab}{M}_{bc} - {mj}_{ab,ac}\\Xi\n\\\\{}\n[{J}_{ab},{M}_{bc}] =-{M}_{ac}- {jm}_{ab,bc} \\Xi \n[{M}_{ab},{J}_{bc}] =-{M}_{ac} - {mj}_{ab,bc} \\Xi\n\\\\{}\n[{J}_{ac},{M}_{bc}] =-{\\omega}_{bc}{M}_{ab} - {jm}_{ac,bc}\\Xi \n[{M}_{ac},{J}_{bc}] ={\\omega}_{bc}{M}_{ab} + {mj}_{ac,bc} \\Xi\n\\\\{}\n[{J}_{ab},{M}_{de}] ={jm}_{ab,de}\\Xi \n[{M}_{ab},{J}_{de}] ={mj}_{ab,de}\\Xi\n\\end{array}\n\n\\end{equation}	1	physics_9801008
EQDS65Q	\\begin{equation}\n\\begin{array}{ll}\n[{J}_{ab},{B}_a]=-{M}_{ab}-{jb}_{ab,a}\\Xi \n[{M}_{ab},{B}_a]={J}_{ab}+{mb}_{ab,a} \\cr\n[{J}_{ab},{B}_{a+1}]={M}_{ab}+{jb}_{ab,a+1}\\Xi \n[{M}_{ab},{B}_{a+1}]=-{J}_{ab}-{mb}_{ab,a+1}\\Xi   b\\ge a+2\\cr\n[{J}_{a\\,a+1},{B}_{a+1}]=2{M}_{a\\,a+1}+2{jb}_{a\\,a+1,a+1}\\Xi\n [{M}_{a\\,a+1},{B}_{a+1}]=-2{J}_{a\\,a+1}-2{mb}_{a\\,a+1,a+1} \\Xi\\cr\n[{J}_{ab},{B}_{b}]={M}_{ab}+{jb}_{ab,b}\\Xi\n[{M}_{ab},{B}_{b}]=-{J}_{ab}-{mb}_{ab,b}\\Xi  b\\ge a+2\\cr\n[{J}_{ab},{B}_{b+1}]=-{M}_{ab}-{jb}_{ab,b+1}\\Xi\n[{M}_{ab},{B}_{b+1}]={J}_{ab}+{mb}_{ab,b+1}\\Xi \\cr\n[{J}_{ab},{B}_{j}]={jb}_{ab,j}\\Xi \n[{M}_{ab},{B}_{j}]={mb}_{ab,j}\\Xi\n\\end{array}\n\n\\end{equation}	1	physics_9801008
EQDS66Q	\\begin{equation}\n[{J}_{ab},{M}_{ab}]=-2{\\omega}_{ab}\\sum_{s=a+1}^b {B}_s + {jm}_{ab} \\Xi\n\n[{B}_k,{B}_l]={b}_{k,l} \\Xi\n\n\\end{equation}	1	physics_9801008
EQDS67Q	\\begin{equation}\n\\begin{array}{lll}\n[{J}_{ab},{I}] = {ji}_{ab} \\Xi  \n[{M}_{ab},{I}] = {mi}_{ab} \\Xi  \n[{B}_l,{I}] = {bi}_l \\Xi\n\n\\end{array}\n\\end{equation}	1	physics_9801008
EQDS68Q	\\begin{equation}\n\\begin{array}{ll}\n\\{{J}_{ab},{M}_{cd},{B}_d\\}:\\ {j}_{ab,cd}=0\\cr\n\\{{J}_{ab},{M}_{cd},{B}_b\\}:\\ {m}_{ab,cd}=0\\cr\n\\{{J}_{ab},{J}_{cd},{B}_d\\}:\\ {jm}_{ab,cd}=0\\cr\n\\{{J}_{ab},{J}_{cd},{B}_b\\}:\\ {mj}_{ab,cd}=0\n\\end{array}\n\n\\end{equation}	1	physics_9801008
EQDS69Q	\\begin{equation}\n\\begin{array}{ll}\n\\{{J}_{ad},{M}_{bc},{B}_c\\}:\\ {j}_{ad,bc}=0\\cr\n\\{{M}_{ad},{J}_{bc},{B}_c\\}:\\ {m}_{ad,bc}=0\\cr\n\\{{J}_{ad},{J}_{bc},{B}_c\\}:\\ {jm}_{ad,bc}=0\\cr\n\\{{M}_{ad},{M}_{bc},{B}_c\\}:\\ {mj}_{ad,bc}=0\n\\end{array}\n\n\\end{equation}	1	physics_9801008
EQDS70Q	\\begin{equation}\n\\begin{array}{lll}\n\\{{J}_{ab},{J}_{bc},{J}_{bd}\\}:\n{\\omega}_{bc}{j}_{ab,cd}+{j}_{ac,bd}-{j}_{ad,bc}=0\\cr\n\\{{J}_{ab},{M}_{bc},{M}_{bd}\\}:\n{\\omega}_{bc}{j}_{ab,cd}+{m}_{ac,bd}-{m}_{ad,bc}=0\\cr\n\\{{J}_{ab},{J}_{bc},{M}_{bd}\\}:\n{\\omega}_{bc}{jm}_{ab,cd}+{jm}_{ac,bd}-{mj}_{ad,bc}=0\\cr\n\\{{J}_{ab},{M}_{bc},{J}_{bd}\\}:\n{\\omega}_{bc}{jm}_{ab,cd}-{mj}_{ac,bd}+{jm}_{ad,bc}=0 .\\cr\n\\end{array}\n\n\\end{equation}	1	physics_9801008
EQDS71Q	\\begin{equation}\n\\{{M}_{ab},{B}_{b},{B}_j\\}: \\ {jb}_{ab,j}=0 \n\\{{J}_{ab},{B}_{b},{B}_j\\}: \\ {mb}_{ab,j}=0 \nj\\notin \\{a,a+1,b,b+1\\} .\n\n\\end{equation}	1	physics_9801008
EQDS72Q	\\begin{equation}\n\\begin{array}{llll}\n\\{{J}_{a\\, a+1},{M}_{a\\, a+1},{B}_{k}\\}:\\\n{\\omega}_{a\\,a+1}{b}_{k,a+1}=0 1\\le k\\le a a=1,\\dots,N-1\\cr\n\\{{J}_{b-1\\, b},{M}_{b-1\\, b},{B}_{l}\\}:\\\n{\\omega}_{b-1\\,b}{b}_{b,l}=0 b+1\\le l\\le N b=1,\\dots,N-1\n\\end{array}\n\n\\end{equation}	1	physics_9801008
EQDS73Q	\\begin{equation}\n{\\beta}_{kl}:={b}_{k,l}\n\n\\end{equation}	1	physics_9801008
EQDS74Q	\\begin{equation}\n\\begin{array}{llll}\n\\{{M}_{ab},{B}_{a},{B}_{a+1}\\}:{jb}_{ab,a+1}={jb}_{ab,a}\\\n\\{{J}_{ab},{B}_{a},{B}_{a+1}\\}:{mb}_{ab,a+1}={mb}_{ab,a}\\cr\n\\{{M}_{ab},{B}_{a},{B}_{b}\\}:{jb}_{ab,b}={jb}_{ab,a}\\\n\\{{J}_{ab},{B}_{a},{B}_{b}\\}:{mb}_{ab,b}={mb}_{ab,a}\\cr\n\\{{M}_{ab},{B}_{a},{B}_{b+1}\\}:{jb}_{ab,b+1}={jb}_{ab,a}\\\n\\{{J}_{ab},{B}_{a},{B}_{b+1}\\}:{mb}_{ab,b+1}={mb}_{ab,a}\\cr\n\\{{M}_{ab},{B}_{a+1},{B}_{b}\\}:{jb}_{ab,a+1}={jb}_{ab,b}\\\n\\{{J}_{ab},{B}_{a+1},{B}_{b}\\}:{mb}_{ab,a+1}={mb}_{ab,b}\\cr\n\\{{M}_{ab},{B}_{a+1},{B}_{b+1}\\}:{jb}_{ab,a+1}={jb}_{ab,b+1}\\\n\\{{J}_{ab},{B}_{a+1},{B}_{b+1}\\}:{mb}_{ab,a+1}={mb}_{ab,b+1}\\cr\n\\{{M}_{ab},{B}_{b},{B}_{b+1}\\}:{jb}_{ab,b}={jb}_{ab,b+1}\\\n\\{{J}_{ab},{B}_{b},{B}_{b+1}\\}:{mb}_{ab,b}={mb}_{ab,b+1}\n\\end{array}\n\n\\end{equation}	1	physics_9801008
EQDS75Q	\\begin{equation}\n\\begin{array}{l}\n{jb}_{ab,a}={jb}_{ab,a+1}={jb}_{ab,b}={jb}_{ab,b+1}\\cr\n{mb}_{ab,a}={mb}_{ab,a+1}={mb}_{ab,b}={mb}_{ab,b+1}\n\\end{array}\n\n\\end{equation}	1	physics_9801008
EQDS76Q	\\begin{equation}\n{\\tau}_{ab}:={jb}_{ab,i}   {\\eta}_{ab}:={mb}_{ab,i} \ni\\in\\{a,a+1,b,b+1\\}.\n\\end{equation}	1	physics_9801008
EQDS77Q	\\begin{equation}\n\\begin{array}{lll}\n\\{{J}_{ab},{M}_{bc},{B}_{c+1}\\}: {j}_{ab,bc}={\\eta}_{ac} c<N\n\\cr\n\\{{J}_{ab},{M}_{bN},{B}_{N}\\}:{j}_{ab,bN}={\\eta}_{aN} b<N-1\\cr\n\\{{J}_{a\\,N-1},{M}_{N-1\\,N},{B}_{a}\\}:\n{m}_{a\\,N-1,N-1\\,N}={\\eta}_{aN}\na>0\\cr\n\\{{J}_{0\\,N-1},{M}_{N-1\\,N},{B}_{1}\\}:\n{m}_{0\\,N-1,N-1\\,N}={\\eta}_{0N}\\cr\n \\{{M}_{ab},{J}_{bc},{B}_{c+1}\\}:{m}_{ab,bc}={\\eta}_{ac} c<N\n\\cr\n\\{{M}_{ab},{J}_{bN},{B}_{N}\\}:{m}_{ab,bN}={\\eta}_{aN} b<N-1\\cr\n\\{{M}_{aN-1},{J}_{N-1N},{B}_{a}\\}:{j}_{aN-1,N-1N}={\\eta}_{aN}\n a>0\\cr\n\\{{M}_{0N-1},{J}_{N-1N},{B}_{1}\\}: {j}_{0N-1,N-1N}={\\eta}_{0N}\n\\end{array}\n\n\\end{equation}	1	physics_9801008
EQDS78Q	\\begin{equation}\n\\begin{array}{lll}\n\\{{J}_{ab},{J}_{bc},{B}_{c+1}\\}: {jm}_{ab,bc}={\\tau}_{ac} c<N\n\\cr\n\\{{J}_{ab},{J}_{bN},{B}_{N}\\}:{jm}_{ab,bN}={\\tau}_{aN} b<N-1\\cr\n\\{{J}_{a\\,N-1},{J}_{N-1\\,N},{B}_{a}\\}:\n{mj}_{a\\,N-1,N-1\\,N}={\\tau}_{aN}\na>0\\cr\n\\{{J}_{0\\,N-1},{J}_{N-1\\,N},{B}_{1}\\}:\n{mj}_{0\\,N-1,N-1\\,N}={\\tau}_{0N}\\cr\n \\{{M}_{ab},{M}_{bc},{B}_{c+1}\\}:{mj}_{ab,bc}={\\tau}_{ac} c<N\n\\cr\n\\{{M}_{ab},{M}_{bN},{B}_{N}\\}:{mj}_{ab,bN}={\\tau}_{aN} b<N-1\\cr\n\\{{M}_{aN-1},{M}_{N-1N},{B}_{a}\\}:{jm}_{aN-1,N-1N}={\\tau}_{aN}\n a>0\\cr\n\\{{M}_{0N-1},{M}_{N-1N},{B}_{1}\\}: {jm}_{0N-1,N-1N}={\\tau}_{0N},\n\\end{array}\n\n\\end{equation}	1	physics_9801008
EQDS79Q	\\begin{equation}\n{j}_{ab,bc}={m}_{ab,bc}={\\eta}_{ac}  \n{jm}_{ab,bc}={mj}_{ab,bc}={\\tau}_{ac}.\n\n\\end{equation}	1	physics_9801008
EQDS80Q	\\begin{equation}\n\\begin{array}{lll}\n\\{{J}_{ab},{M}_{ac},{B}_{c+1}\\}:\n {j}_{ab,ac}={\\omega}_{ab}{\\eta}_{bc} c<N\n\\cr\n\\{{J}_{ab},{M}_{aN},{B}_{N}\\}:{j}_{ab,aN}={\\omega}_{ab}{\\eta}_{bN}\nb<N-1\\cr\n\\{{J}_{a\\,N-1},{M}_{aN},{B}_{N-1}\\}:\n{m}_{a\\,N-1,aN}={\\omega}_{aN-1}{\\eta}_{N-1\\,N}\na<N-2\\cr\n \\{{M}_{ab},{J}_{ac},{B}_{c+1}\\}:\n{m}_{ab,ac}={\\omega}_{ab}{\\eta}_{bc} c<N\n\\cr\n\\{{M}_{ab},{J}_{aN},{B}_{N}\\}:{m}_{ab,aN}={\\omega}_{ab}{\\eta}_{bN}\nb<N-1\\cr\n\\{{M}_{aN-1},{J}_{aN},{B}_{N-1}\\}:\n{j}_{aN-1,aN}={\\omega}_{aN-1}{\\eta}_{N-1\\,N}\n a<N-2\\cr\n\\multicolumn{3}{l}\n{\\{{J}_{N-2\\,N-1},{M}_{N-2\\,N},{B}_{N-1}\\}:}\n\\cr\n\\multicolumn{3}{l}\n{ {j}_{N-2\\,N-1,N-2\\,N}+{\\omega}_{N-2\\,N-1}{\\eta}_{N-1\\,N}\n-2{m}_{N-2\\,N-1,N-2\\,N}=0}\n\\cr\n\\multicolumn{3}{l}{\n\\{{M}_{N-2\\,N-1},{J}_{N-2\\,N},{B}_{N-1}\\}:}\n\\cr\n\\multicolumn{3}{l}{\n -2{j}_{N-2\\,N-1,N-2\\,N}+{\\omega}_{N-2\\,N-1}{\\eta}_{N-1\\,N}\n+{m}_{N-2\\,N-1,N-2\\,N}=0 }\n\\end{array}\n\n\\end{equation}	1	physics_9801008
EQDS81Q	\\begin{equation}\n\\begin{array}{lll}\n\\{{J}_{ab},{J}_{ac},{B}_{c+1}\\}:\n {jm}_{ab,ac}={\\omega}_{ab}{\\tau}_{bc} c<N\n\\cr\n\\{{J}_{ab},{J}_{aN},{B}_{N}\\}:{jm}_{ab,aN}={\\omega}_{ab}{\\tau}_{bN}\nb<N-1\\cr\n\\{{J}_{a\\,N-1},{J}_{aN},{B}_{N-1}\\}:\n{mj}_{a\\,N-1,aN}={\\omega}_{aN-1}{\\tau}_{N-1\\,N}\na<N-2\\cr\n \\{{M}_{ab},{M}_{ac},{B}_{c+1}\\}:\n{mj}_{ab,ac}={\\omega}_{ab}{\\tau}_{bc} c<N\n\\cr\n\\{{M}_{ab},{M}_{aN},{B}_{N}\\}:{mj}_{ab,aN}={\\omega}_{ab}{\\tau}_{bN}\nb<N-1\\cr\n\\{{M}_{aN-1},{M}_{aN},{B}_{N-1}\\}:\n{jm}_{aN-1,aN}={\\omega}_{aN-1}{\\tau}_{N-1\\,N}\n a<N-2\\cr\n\\multicolumn{3}{l}{\n\\{{J}_{N-2\\,N-1},{J}_{N-2\\,N},{B}_{N-1}\\}:\n}\n\\cr\n\\multicolumn{3}{l}{\n {jm}_{N-2\\,N-1,N-2\\,N}+{\\omega}_{N-2\\,N-1}{\\tau}_{N-1\\,N}\n+2{mj}_{N-2\\,N-1,N-2\\,N}=0\n}\n\\cr\n\\multicolumn{3}{l}{\n\\{{M}_{N-2\\,N-1},{M}_{N-2\\,N},{B}_{N-1}\\}:\n}\n\\cr\n\\multicolumn{3}{l}{\n -2{jm}_{N-2\\,N-1,N-2\\,N}+{\\omega}_{N-2\\,N-1}{\\tau}_{N-1\\,N}\n-{mj}_{N-2\\,N-1,N-2\\,N}=0}.\n\\end{array}\n\n\\end{equation}	1	physics_9801008
EQDS82Q	\\begin{equation}\n{j}_{ab,ac}={m}_{ab,ac}={\\omega}_{ab}{\\eta}_{bc}  \n{jm}_{ab,ac}={mj}_{ab,ac}={\\omega}_{ab}{\\tau}_{bc}\n\n\\end{equation}	1	physics_9801008
EQDS83Q	\\begin{equation}\n\\begin{array}{lll}\n\\{{J}_{ac},{M}_{bc},{B}_{a}\\}:\n {m}_{ac,bc}={\\omega}_{bc}{\\eta}_{ab} a>0\n\\cr\n\\{{J}_{0c},{M}_{bc},{B}_{1}\\}:{m}_{0c,bc}={\\omega}_{bc}{\\eta}_{0b}\nb>1\\cr\n\\{{J}_{0c},{M}_{1c},{B}_{2}\\}:\n{j}_{0c,1c}={\\omega}_{1c}{\\eta}_{01}\nc>2\\cr\n \\{{M}_{ac},{J}_{bc},{B}_{a}\\}:\n{j}_{ac,bc}={\\omega}_{bc}{\\eta}_{ab} a>0\n\\cr\n\\{{M}_{0c},{J}_{bc},{B}_{1}\\}:{j}_{0c,bc}={\\omega}_{bc}{\\eta}_{0b}\nb>1\\cr\n\\{{M}_{0c},{J}_{1c},{B}_{2}\\}:{m}_{0c,1c}={\\omega}_{1c}{\\eta}_{01}\n c>2\\cr\n\\{{J}_{02},{M}_{12},{B}_{2}\\}:\n-2 {j}_{02,12}+{\\omega}_{12}{\\eta}_{01}\n+{m}_{02,12}=0\\cr\n\\{{M}_{02},{J}_{12},{B}_{2}\\}: \n  2{m}_{02,12}-{\\omega}_{12}{\\eta}_{01}\n-{j}_{02,12}=0\n\\end{array}\n\n\\end{equation}	1	physics_9801008
EQDS84Q	\\begin{equation}\n\\begin{array}{lll}\n\\{{J}_{ac},{J}_{bc},{B}_{a}\\}: {mj}_{ac,bc}=\n{\\omega}_{bc}{\\tau}_{ab} a>0\n\\cr\n\\{{J}_{0c},{J}_{bc},{B}_{1}\\}:{mj}_{0c,bc}={\\omega}_{bc}{\\tau}_{0b}\nb>1\\cr\n\\{{J}_{0c},{J}_{1c},{B}_{2}\\}:\n{jm}_{0c,1c}={\\omega}_{1c}{\\tau}_{01}\nc>2\\cr\n \\{{M}_{ac},{M}_{bc},{B}_{a}\\}:{jm}_{ac,bc}=\n{\\omega}_{bc}{\\tau}_{ab} a>0\n\\cr\n\\{{M}_{0c},{M}_{bc},{B}_{1}\\}:{jm}_{0c,bc}={\\omega}_{bc}{\\tau}_{0b}\nb>1\\cr\n\\{{M}_{0c},{M}_{1c},{B}_{2}\\}:{mj}_{0c,1c}={\\omega}_{1c}{\\tau}_{01}\n c>2\\cr\n\\{{J}_{02},{J}_{12},{B}_{2}\\}:\n2 {jm}_{02,12} - {\\omega}_{12}{\\tau}_{01}\n- {mj}_{02,12}=0\\cr\n\\{{M}_{02},{M}_{12},{B}_{2}\\}: \n  - {jm}_{02,12}-{\\omega}_{12}{\\tau}_{01}\n+2{mj}_{02,12}=0 .\n\\end{array}\n\n\\end{equation}	1	physics_9801008
EQDS85Q	\\begin{equation}\n{j}_{ac,bc}={m}_{ac,bc}={\\omega}_{bc}{\\eta}_{ab} \n{jm}_{ac,bc}={mj}_{ac,bc}={\\omega}_{bc}{\\tau}_{ab}\\ ,\n\n\\end{equation}	1	physics_9801008
EQDS86Q	\\begin{equation}\n\\{{J}_{ab},{J}_{ac},{M}_{bc}\\}:\n{jm}_{ac}={\\omega}_{bc}{jm}_{ab}+{\\omega}_{ab}{jm}_{bc}\n\n\\end{equation}	1	physics_9801008
EQDS87Q	\\begin{equation}\n{\\alpha}_{k}:= {jm}_{k-1\\,k} k=1,\\dots,N \\ ,\n\n\\end{equation}	1	physics_9801008
EQDS88Q	\\begin{equation}\n{jm}_{ab}=\\sum_{s=a+1}^b{\\omega}_{a\\,s-1}{\\omega}_{sb}\\,{\\alpha}_{s}\n b\\ge a+2.\n\\end{equation}	1	physics_9801008
EQDS89Q	\\begin{equation}\n\\begin{array}{lll}\n\\{{J}_{ab},{B}_b,{I} \\}:  {mi}_{ab}=0 \\cr\n\\{{M}_{ab},{B}_b,{I} \\}:  {ji}_{ab}=0 \\cr\n\\{{J}_{k-1 k},{M}_{k-1 k},{I} \\}:   {\\omega}_{k} {bi}_{k}=0 \\cr\n\\end{array}\n\n\\end{equation}	1	physics_9801008
EQDS90Q	\\begin{equation}\n{\\gamma}_k:= {bi}_k\n\\end{equation}	1	physics_9801008
EQDS91Q	\\begin{equation}\nU_\\mathrm{inc} = \\sum_n^\\infty a_n \\psi_n^{(\\mathrm{inc})},\n\n\\end{equation}	1	physics_0607231
EQDS92Q	\\begin{equation}\nU_\\mathrm{scat} = \\sum_k^\\infty p_k \\psi_k^{(\\mathrm{scat})},\n\n\\end{equation}	1	physics_0607231
EQDS93Q	\\begin{equation}\np_k = \\sum_n^\\infty T_{kn} a_n\n\\end{equation}	1	physics_0607231
EQDS94Q	\\begin{equation}\n\\mathbf{P} = \\mathbf{T} \\mathbf{A}\n\\end{equation}	1	physics_0607231
EQDS95Q	\\begin{equation}f(x)=f_0+f_{1}x+f_{2}x^{2}+f_{3}x^{3}+\\cdots~.\\end{equation}	1	physics_9912056
EQDS96Q	\\begin{equation}f_n=((-1)^n+1)(c_{3/2}n^{-3/2}+c_{5/2}n^{-5/2}+c_{7/2}n^{-7/2}+\\cdots)~,\\end{equation}	1	physics_9912056
EQDS97Q	\\begin{equation}f_n=((-1)^n+1)\\sum_{s=1/2}^{1/2+L}\\tilde{f}_{s}\\frac{s!}{n!(s-n)!}~,\\end{equation}	1	physics_9912056
EQDS98Q	\\begin{equation}(\\Xi-\\Psi_O, \\Xi-\\Psi_O)~,\\end{equation}	1	physics_9912056
EQDS99Q	\\begin{equation}O_{ij}=(\\phi_i, O\\phi_j)~,\\end{equation}	1	physics_9912056
EQDS100Q	\\begin{equation}\\sum_{a}{|\\Xi(x_{a})-\\Psi_{O}(x_{a})|}^{2}~,\\end{equation}	1	physics_9912056
EQDS101Q	\\begin{equation}\\tilde{O}_{ij}=(\\tilde{\\phi}_{i}, O\\tilde{\\phi}_{j})'~,\\end{equation}	1	physics_9912056
EQDS102Q	\\begin{equation}-2 t (\\partial_{x}^2+\\partial_{y}^2+\\partial_{z}^2+\\frac{1}{z}\\partial_{z}) \\psi\n+ V \\psi=E \\psi~, \\eqno (1)\\end{equation}	1	physics_9912056
EQDS103Q	\\begin{equation}V=-\\frac{2}{r_1}-\\frac{2}{r_2}+\\frac{1}{r_{12}}~, \\eqno (2)\\end{equation}	1	physics_9912056
EQDS104Q	\\begin{equation}r_{1}=\\sqrt{\\frac{t+x}{2}}~,~\n  r_{2}=\\sqrt{\\frac{t-x}{2}}~,~\n  r_{12}=\\sqrt{t-y}~. \\eqno (3)\\end{equation}	1	physics_9912056
EQDS105Q	\\begin{equation}\\psi=\\sum_{n,k}\\psi_{n,k}t^{n}\\frac{(\\ln t)^k}{k!}~, \\eqno (4)\\end{equation}	1	physics_9912056
EQDS106Q	\\begin{equation}(\\partial_{t}^{2}+\\frac{3}{t}\\partial_{t}+\\frac{1}{t^2}L_{0})\\psi\n=(v t^{-3/2} + p t^{-1})\\psi~, \\eqno (5)\\end{equation}	1	physics_9912056
EQDS107Q	\\begin{equation}L_{0}=(1-\\alpha^{2})\\partial_{\\alpha}^{2}\n-2\\alpha\\beta\\partial_{\\alpha}\\partial_{\\beta}\n+(1-\\beta^{2})\\partial_{\\beta}^{2}\n-3\\alpha\\partial_{\\alpha}-3\\beta\\partial_{\\beta}~; \\eqno (6)\\end{equation}	1	physics_9912056
EQDS108Q	\\begin{equation}v=-\\frac{\\sqrt{2}}{\\sqrt{1+\\alpha}}-\\frac{\\sqrt{2}}{\\sqrt{1-\\alpha}}\n+\\frac{1/2}{\\sqrt{1-\\beta}}~. \\eqno (7)\\end{equation}	1	physics_9912056
EQDS109Q	\\begin{equation}L_{n}\\psi_{n,k}+(2 n+2)\\psi_{n,k+1}+\\psi_{n,k+2}\n=v\\psi_{n-\\frac{1}{2},k}+p\\psi_{n-1,k}~, \\eqno (8)\\end{equation}	1	physics_9912056
EQDS110Q	\\begin{equation}\\psi_{n,k}(\\alpha,\\beta)=\\sum_{a,b=0}^{\\infty}\n\\psi_{n,k,a,b}\\alpha^{a}\\beta^{b}~. \\eqno (9)\\end{equation}	1	physics_9912056
EQDS111Q	\\begin{equation}\\psi_{n,k,a,b}=\\sum_{s=\\frac{1}{2}}^{L_i-\\frac{1}{2}}\n\\tilde{\\psi}_{n,k,b,s}\n{s \\choose a}[1+(-1)^{a}]~; \\eqno (10-1)\\end{equation}	1	physics_9912056
EQDS112Q	\\begin{equation}\\psi_{n,k,a,b}=\\sum_{s=\\frac{1}{2}}^{L_i-\\frac{1}{2}}\n\\tilde{\\tilde{\\psi}}_{n,k,a,s}\n{s \\choose b}(-1)^{b}~. \\eqno (10-2)\\end{equation}	1	physics_9912056
EQDS113Q	\\begin{equation}[n(n+2)-(a+b)(a+b+2)]f_{a,b}+(a+1)(a+2)f_{a+2,b}+(b+1)(b+2)f_{a,b+2}\n=g_{a,b}~; \\eqno (11-0)\\end{equation}	1	physics_9912056
EQDS114Q	\\begin{equation}[n(n+2)-(b+s)(b+s+2)]\\tilde{f}_{b,s}+(s+1)(2s+2b+3)\\tilde{f}_{b,s+1}\n+(b+1)(b+2)\\tilde{f}_{b+2,s}=\\tilde{g}_{b,s}~; \\eqno (11-1)\\end{equation}	1	physics_9912056
EQDS115Q	\\begin{equation}[n(n+2)-(a+s)(a+s+2)]\\tilde{\\tilde{f}}_{a,s}\n+(s+1)(2a+2s+3)\\tilde{\\tilde{f}}_{a,s+1}\n+(a+1)(a+2)\\tilde{\\tilde{f}}_{a+2,s}\n=\\tilde{\\tilde{g}}_{a,s}~. \\eqno (11-2)\\end{equation}	1	physics_9912056
EQDS116Q	\\begin{equation}u=\\sqrt{\\frac{1+\\alpha}{2}}+\\sqrt{\\frac{1-\\alpha}{2}}-1~,~\nw=\\sqrt{1-\\beta}~. \\eqno (12)\\end{equation}	1	physics_9912056
EQDS117Q	\\begin{equation}u=\\frac{r_{1}+r_{2}}{\\rho}-1~,~w=\\frac{r_{12}}{\\rho}~. \\eqno (13)\\end{equation}	1	physics_9912056
EQDS118Q	\\begin{equation}-{1\\over 2}(\\partial_{\\rho}^2+{5\\over\\rho}\\partial_{\\rho}\n+\\frac{4L_0}{\\rho^2})\\psi+{C\\over\\rho}\\psi=E\\psi~, \\eqno (14)\\end{equation}	1	physics_9912056
EQDS119Q	\\begin{equation}4L_{0}=(1-2u-u^2)\\partial_{u}^{2}+(2-w^{2})\\partial_{w}^{2}\n-\\frac{2(1+u)(1-2u-u^{2})}{u(2+u)}\\frac{(1-w^{2})}{w}\\partial_{u}\\partial_{w}\n+\\frac{(1+u)(4-10u-5u^{2})}{u(2+u)}\\partial_{u}\n+\\frac{4-5w^{2}}{w}\\partial_{w}~; \\eqno (15)\\end{equation}	1	physics_9912056
EQDS120Q	\\begin{equation}C=-\\frac{4(1+u)}{u(2+u)}+\\frac{1}{w}~. \\eqno (16)\\end{equation}	1	physics_9912056
EQDS121Q	\\begin{equation}w_{a}=\\sqrt{2} \\frac{(a_{2}+0.5)}{n_{2}}~, \\eqno (17)\\end{equation}	1	physics_9912056
EQDS122Q	\\begin{equation}u_{a}=(\\sqrt{2}-1)-[(\\sqrt{2}-1)-m(w_{a})] \\frac{(a_{1}+0.5)}{n_{1}}~,\n\\eqno (18)\\end{equation}	1	physics_9912056
EQDS123Q	\\begin{equation}E=-2.9037243738~, \\eqno (19)\\end{equation}	1	physics_9912056
EQDS124Q	\\begin{equation}E=-2.9037243770~. \\eqno (20)\\end{equation}	1	physics_9912056
EQIX0Q	$^\\dagger$	2	physics_9801008
EQIX1Q	$^\\ddagger$	2	physics_9801008
EQIX2Q	$^\\star$	1	physics_9801008
EQIX3Q	$^{\\star}$	1	physics_9801008
EQIX4Q	$su({p,q})$	5	physics_9801008
EQIX5Q	$A_l$	1	physics_9801008
EQIX6Q	$u({p,q})$	4	physics_9801008
EQIX7Q	$p,\\ q$	1	physics_9801008
EQIX8Q	$su(N+1)$	6	physics_9801008
EQIX9Q	$u(N+1)$	4	physics_9801008
EQIX10Q	$su(p,q)$	2	physics_9801008
EQIX11Q	$A_N$	3	physics_9801008
EQIX12Q	$u(p,q)$	1	physics_9801008
EQIX13Q	${J}_{ab},\\ {M}_{ab},\\ {B}_l$	1	physics_9801008
EQIX14Q	${J}_{ab},\\ {M}_{ab},\\ {B}_l,\\ {I}$	3	physics_9801008
EQIX15Q	$a<b$	7	physics_9801008
EQIX16Q	$a,b=0,\\dots,N$	2	physics_9801008
EQIX17Q	$l=1,\\dots,N$	2	physics_9801008
EQIX18Q	$e_{ab}$	1	physics_9801008
EQIX19Q	$(N+1) \\times (N+1)$	1	physics_9801008
EQIX20Q	$a$	6	physics_9801008,physics_9912056
EQIX21Q	$b$	6	physics_9801008,physics_9912056
EQIX22Q	$\\mathbb{Z}_2^{\\otimes N}$	2	physics_9801008
EQIX23Q	$N$	15	physics_9801008,physics_9912056
EQIX24Q	$so(N+1)$	1	physics_9801008
EQIX25Q	${J}_{ab}$	1	physics_9801008
EQIX26Q	${{\\cal S}}$	2	physics_9801008
EQIX27Q	$\\{0, 1, \\dots, N\\}$	1	physics_9801008
EQIX28Q	$\\chi_{{\\cal S}}(a)$	1	physics_9801008
EQIX29Q	$2^N$	1	physics_9801008
EQIX30Q	${I}$	3	physics_9801008
EQIX31Q	${\\omega}_a$	16	physics_9801008
EQIX32Q	$a=1,\\dots,N$	2	physics_9801008
EQIX33Q	$N(N+1)/2$	3	physics_9801008
EQIX34Q	${\\omega}_{ab}$	1	physics_9801008
EQIX35Q	$su_{\\omega}(N+1)$	9	physics_9801008
EQIX36Q	$u_{\\omega}(N+1)$	5	physics_9801008
EQIX37Q	${\\omega} \\equiv ({\\omega}_1,\\dots,{\\omega}_N)$	1	physics_9801008
EQIX38Q	$(N+1)^2-1$	1	physics_9801008
EQIX39Q	$(N+1)^2$	1	physics_9801008
EQIX40Q	$a, b, c, d, e=0, \\dots, N$	1	physics_9801008
EQIX41Q	$k, l=1, \\dots, N$	1	physics_9801008
EQIX42Q	$a<b<c$	4	physics_9801008
EQIX43Q	$\\{a,b,c\\}$	1	physics_9801008
EQIX44Q	$a<b,\\ d<e$	1	physics_9801008
EQIX45Q	$\\{a,b,d,e\\}$	1	physics_9801008
EQIX46Q	${\\omega}_a \\neq 0$	1	physics_9801008
EQIX47Q	${{\\mathbb C}}^{N+1}$	4	physics_9801008
EQIX48Q	$\\>a,\\>b\\in {{\\mathbb C}}^{N+1}$	1	physics_9801008
EQIX49Q	$U \\in U_{\\omega}(N+1)$	1	physics_9801008
EQIX50Q	$SU_{{\\omega}_1,\\dots,{\\omega}_N}(N+1)\\equiv SU_{\\omega}(N+1)$	1	physics_9801008
EQIX51Q	$\\det(U)=1$	1	physics_9801008
EQIX52Q	${J}_{ab}, {M}_{ab}, {B}_l$	3	physics_9801008
EQIX53Q	$U_{\\omega}(N+1)$	1	physics_9801008
EQIX54Q	$SU_{\\omega}(N+1)$	2	physics_9801008
EQIX55Q	$(1, 0, \\dots, 0)$	1	physics_9801008
EQIX56Q	$SU_{{\\omega}_2,{\\omega}_3, \\dots, {\\omega}_N}(N)$	1	physics_9801008
EQIX57Q	$U_{{\\omega}_2,{\\omega}_3, \\dots, {\\omega}_N}(N)$	1	physics_9801008
EQIX58Q	${\\omega}_2={\\omega}_3=\\dots={\\omega}_N=1$	1	physics_9801008
EQIX59Q	${\\omega}_1=K$	1	physics_9801008
EQIX60Q	$K>0$	1	physics_9801008
EQIX61Q	$K<0$	1	physics_9801008
EQIX62Q	$K$	1	physics_9801008
EQIX63Q	${\\omega}_1=0$	4	physics_9801008
EQIX64Q	$3^N$	1	physics_9801008
EQIX65Q	$su_{\\omega}(M+1)$	1	physics_9801008
EQIX66Q	$u_{\\omega}(M+1)$	1	physics_9801008
EQIX67Q	$M<N$	1	physics_9801008
EQIX68Q	${G}_a$	7	physics_9801008
EQIX69Q	${X}_{ij}$	1	physics_9801008
EQIX70Q	$\\{{J}_{ij},{M}_{ij}\\}$	1	physics_9801008
EQIX71Q	$su_{{\\omega}_1,\\dots,{\\omega}_{a-1}}(a)$	2	physics_9801008
EQIX72Q	$a{G}_a$	1	physics_9801008
EQIX73Q	$u_{{\\omega}_1,\\dots,{\\omega}_{a-1}}(a)$	2	physics_9801008
EQIX74Q	$su_{{\\omega}_{a+1},\\dots,{\\omega}_N}(N+1-a)$	2	physics_9801008
EQIX75Q	$-(N+1-a){G}_a$	1	physics_9801008
EQIX76Q	$u_{{\\omega}_{a+1},\\dots,{\\omega}_N}(N+1-a)$	2	physics_9801008
EQIX77Q	${X}_{01} $	1	physics_9801008
EQIX78Q	$ {X}_{02} $	1	physics_9801008
EQIX79Q	$\\ldots$	12	physics_9801008
EQIX80Q	${X}_{0\\, a-1} $	1	physics_9801008
EQIX81Q	${X}_{0a}$	1	physics_9801008
EQIX82Q	${X}_{0\\, a+1}$	1	physics_9801008
EQIX83Q	${X}_{0N}$	1	physics_9801008
EQIX84Q	$\\hfill {B}_{1} $	1	physics_9801008
EQIX85Q	$ {X}_{12} $	1	physics_9801008
EQIX86Q	${X}_{1\\, a-1} $	1	physics_9801008
EQIX87Q	${X}_{1a}$	1	physics_9801008
EQIX88Q	${X}_{1\\, a+1}$	1	physics_9801008
EQIX89Q	${X}_{1N}$	1	physics_9801008
EQIX90Q	$\\hfill {B}_{2} $	1	physics_9801008
EQIX91Q	$  $	2	physics_9801008
EQIX92Q	$\\ddots $	1	physics_9801008
EQIX93Q	$\\vdots$	5	physics_9801008
EQIX94Q	$ $	16	physics_9801008
EQIX95Q	${X}_{a-2\\,a-1}$	1	physics_9801008
EQIX96Q	${X}_{a-2\\,a}$	1	physics_9801008
EQIX97Q	${X}_{a-2\\,a+1}$	1	physics_9801008
EQIX98Q	${X}_{a-2\\,N}$	1	physics_9801008
EQIX99Q	$\\hfill {B}_{a-1}$	1	physics_9801008
EQIX100Q	${X}_{a-1\\,a}$	1	physics_9801008
EQIX101Q	${X}_{a-1\\,a+1}$	1	physics_9801008
EQIX102Q	${X}_{a-1\\,N}$	1	physics_9801008
EQIX103Q	$\\hfill {G}_{a}\\ \\ \\ \\ $	1	physics_9801008
EQIX104Q	${X}_{a\\,a+1}$	1	physics_9801008
EQIX105Q	${X}_{a  N}$	1	physics_9801008
EQIX106Q	$\\hfill {B}_{a+1}$	1	physics_9801008
EQIX107Q	$\\ddots$	1	physics_9801008
EQIX108Q	${X}_{N-2\\,N-1}$	1	physics_9801008
EQIX109Q	${X}_{N-2\\,N}$	1	physics_9801008
EQIX110Q	${B}_{N-1}$	1	physics_9801008
EQIX111Q	${X}_{N-1\\,N}$	1	physics_9801008
EQIX112Q	$\\hfill {B}_{N}\\ \\ $	1	physics_9801008
EQIX113Q	$u(1)$	1	physics_9801008
EQIX114Q	$p$	2	physics_9801008,physics_0607231
EQIX115Q	$q$	1	physics_9801008
EQIX116Q	$p+q=N+1$	1	physics_9801008
EQIX117Q	$t$	8	physics_9801008,physics_9912056
EQIX118Q	$2a(N+1-a)$	1	physics_9801008
EQIX119Q	${\\omega}_a\\neq 0$	1	physics_9801008
EQIX120Q	${\\omega}_a=0$	1	physics_9801008
EQIX121Q	${\\omega}_N=0$	3	physics_9801008
EQIX122Q	$2N$	1	physics_9801008
EQIX123Q	$t \\equiv {{\\mathbb C}}^N$	1	physics_9801008
EQIX124Q	$SU_{0, {\\omega}_2, {\\omega}_3, \\dots, {\\omega}_N}(N+1) / U_{{\\omega}_2,\\dots,{\\omega}_N}(N)$	1	physics_9801008
EQIX125Q	$U_{{\\omega}_2,\\dots,{\\omega}_N}(N)$	1	physics_9801008
EQIX126Q	${{\\mathbb C}}^N$	1	physics_9801008
EQIX127Q	$SU_{0, {\\omega}_2, {\\omega}_3, \\dots, {\\omega}_N}(N+1)$	1	physics_9801008
EQIX128Q	${\\omega}_2, {\\omega}_3, \\dots, {\\omega}_N$	1	physics_9801008
EQIX129Q	$t_{2N}$	1	physics_9801008
EQIX130Q	$p,q$	1	physics_9801008
EQIX131Q	$(1, {\\omega}_2, {\\omega}_2{\\omega}_3, \\dots, {\\omega}_2\\dots{\\omega}_N)$	1	physics_9801008
EQIX132Q	$su_{{\\omega}_1,{\\omega}_2,\\dots,{\\omega}_N}(N+1)$	1	physics_9801008
EQIX133Q	${{\\cal G}}$	2	physics_9801008
EQIX134Q	$r$	1	physics_9801008
EQIX135Q	$\\{X_1,\\dots,X_r\\}$	1	physics_9801008
EQIX136Q	$C_{ij}^k$	1	physics_9801008
EQIX137Q	$\\overline{{\\cal G}}$	2	physics_9801008
EQIX138Q	$\\Xi$	5	physics_9801008,physics_9912056
EQIX139Q	$(r+1)$	1	physics_9801008
EQIX140Q	$( X_i,\\Xi) $	1	physics_9801008
EQIX141Q	${\\xi}_{ij}$	1	physics_9801008
EQIX142Q	$i,j$	1	physics_9801008
EQIX143Q	${\\xi}_{ji}=-{\\xi}_{ij}$	1	physics_9801008
EQIX144Q	$({\\xi}(X_i,X_j)={\\xi}_{ij})$	1	physics_9801008
EQIX145Q	${\\xi}$	2	physics_9801008
EQIX146Q	$\\mu_i$	1	physics_9801008
EQIX147Q	$\\{X'_i\\}$	1	physics_9801008
EQIX148Q	$\\delta\\mu$	4	physics_9801008
EQIX149Q	$\\mu$	2	physics_9801008
EQIX150Q	$H^2({{\\cal G}},{{\\mathbb R}})$	1	physics_9801008
EQIX151Q	$\\overline{su}_{\\omega}(N+1)$	4	physics_9801008
EQIX152Q	${su}_{\\omega}(N+1)$	10	physics_9801008
EQIX153Q	${\\eta}_{ab}$	1	physics_9801008
EQIX154Q	${\\tau}_{ab}$	1	physics_9801008
EQIX155Q	$a,b=0,1,\\dots,N$	1	physics_9801008
EQIX156Q	${\\alpha}_{k}$	4	physics_9801008
EQIX157Q	$k=1,\\dots,N$	4	physics_9801008
EQIX158Q	$N(N-1)/2$	3	physics_9801008
EQIX159Q	${\\beta}_{kl}$	8	physics_9801008
EQIX160Q	$k<l$	5	physics_9801008
EQIX161Q	$k,l=1,\\dots,N$	2	physics_9801008
EQIX162Q	$\\overline{u}_{\\omega}(N+1)$	4	physics_9801008
EQIX163Q	${u}_{\\omega}(N+1)$	9	physics_9801008
EQIX164Q	${\\gamma}_{k}$	2	physics_9801008
EQIX165Q	$m<n$	1	physics_9801008
EQIX166Q	$a,b,m,n$	1	physics_9801008
EQIX167Q	${\\sigma}_{ab},\\ {\\rho}_{ab},\\ {\\upsilon}_{k},\\ {\\varsigma}$	1	physics_9801008
EQIX168Q	${J}_{ab},\\ {M}_{ab},\\ {B}_{k},\\ {I}$	2	physics_9801008
EQIX169Q	${\\tau}_{ab},\\ {\\eta}_{ab}$	1	physics_9801008
EQIX170Q	${\\omega}_{k} = 0$	1	physics_9801008
EQIX171Q	${\\omega}_k =0$	1	physics_9801008
EQIX172Q	${{\\alpha}_{k}}$	3	physics_9801008
EQIX173Q	${\\omega}_k= 0$	1	physics_9801008
EQIX174Q	${\\omega}_k,\\ {\\omega}_l$	1	physics_9801008
EQIX175Q	${{\\gamma}_{k}}$	1	physics_9801008
EQIX176Q	${\\gamma}_k$	2	physics_9801008
EQIX177Q	${\\omega}_s$	3	physics_9801008
EQIX178Q	$s=a+1, a+2, \\dots, b$	1	physics_9801008
EQIX179Q	${\\alpha}_{s}$	1	physics_9801008
EQIX180Q	$\\mu(B_s)=-\\frac{{\\alpha}_s}{2 {\\omega}_s}$	1	physics_9801008
EQIX181Q	${\\omega}_{ab}/{\\omega}_s$	1	physics_9801008
EQIX182Q	$B$	3	physics_9801008,physics_9912056
EQIX183Q	${\\alpha}_a$	1	physics_9801008
EQIX184Q	$\\{{J}_{ij},{M}_{ij}\\}\\equiv{X}_{ij}$	1	physics_9801008
EQIX185Q	$i<a \\leq j$	1	physics_9801008
EQIX186Q	${X}_{a-1 a}$	1	physics_9801008
EQIX187Q	$n$	16	physics_9801008,physics_0607231,physics_9912056
EQIX188Q	${\\omega}_k$	1	physics_9801008
EQIX189Q	${\\omega}_a\\ne 0$	1	physics_9801008
EQIX190Q	$iu({p,q})$	1	physics_9801008
EQIX191Q	${\\alpha}_{1}$	4	physics_9801008
EQIX192Q	${\\alpha}_{N}$	1	physics_9801008
EQIX193Q	${\\omega}_a= 0$	1	physics_9801008
EQIX194Q	${N(N+1)}/2$	1	physics_9801008
EQIX195Q	$N=1,2,3$	1	physics_9801008
EQIX196Q	$\\overline{su}_{{\\omega}_1}(2)$	1	physics_9801008
EQIX197Q	${su}_{{\\omega}_1}(2)$	1	physics_9801008
EQIX198Q	${J}_{01}/2 \\leftrightarrow \\Omega_{01}$	1	physics_9801008
EQIX199Q	${M}_{01}/2 \\leftrightarrow \\Omega_{02}$	1	physics_9801008
EQIX200Q	$-{B}_{1}/2 \\leftrightarrow \\Omega_{12}$	1	physics_9801008
EQIX201Q	${\\omega}_1 = 0$	1	physics_9801008
EQIX202Q	$\\overline{su}_{{\\omega}_1,{\\omega}_2}(3)$	3	physics_9801008
EQIX203Q	$\\{{\\alpha}_{1}, {\\alpha}_{2}, {\\beta}_{12}\\}$	1	physics_9801008
EQIX204Q	${\\omega}_1{\\beta}_{12}={\\omega}_2{\\beta}_{12}=0$	1	physics_9801008
EQIX205Q	${\\omega}_1,{\\omega}_2$	1	physics_9801008
EQIX206Q	${\\omega}_1 \\neq 0$	1	physics_9801008
EQIX207Q	${\\alpha}_{2}$	2	physics_9801008
EQIX208Q	${\\omega}_2 \\neq 0$	1	physics_9801008
EQIX209Q	${\\mbox{dim}}\\, (H^2({su}_{{\\omega}_1, {\\omega}_2}(3),{{\\mathbb R}}))$	1	physics_9801008
EQIX210Q	${\\omega}_1,{\\omega}_2\\ne 0$	1	physics_9801008
EQIX211Q	${\\alpha}_{1}, {\\alpha}_{2}$	1	physics_9801008
EQIX212Q	${\\beta}_{12}$	1	physics_9801008
EQIX213Q	${su}(3)$	1	physics_9801008
EQIX214Q	$({\\omega}_1,{\\omega}_2)=(+,+)$	1	physics_9801008
EQIX215Q	${su}({2,1})$	1	physics_9801008
EQIX216Q	$({\\omega}_1,{\\omega}_2)=\\{(+,-),(-,+),(-,-)\\}$	1	physics_9801008
EQIX217Q	${iu}(2)$	1	physics_9801008
EQIX218Q	${iu}({1,1})$	1	physics_9801008
EQIX219Q	${\\omega}_1= 0,\\ {\\omega}_2 \\neq 0$	1	physics_9801008
EQIX220Q	${\\omega}_1\\neq 0,\\ {\\omega}_2=0$	1	physics_9801008
EQIX221Q	${su}_{0,0}(3)$	1	physics_9801008
EQIX222Q	${\\omega}_1={\\omega}_2= 0$	1	physics_9801008
EQIX223Q	$\\overline{su}_{{\\omega}_1,{\\omega}_2, {\\omega}_3}(4)$	1	physics_9801008
EQIX224Q	$\\overline{su}_{{\\omega}_1,{\\omega}_2,{\\omega}_3}(4)$	3	physics_9801008
EQIX225Q	${su}_{{\\omega}_1,{\\omega}_2,{\\omega}_3}(4)$	1	physics_9801008
EQIX226Q	$+, -, 0$	1	physics_9801008
EQIX227Q	$({\\omega}_1,{\\omega}_2,{\\omega}_3)$	1	physics_9801008
EQIX228Q	$+$	1	physics_9801008
EQIX229Q	$-$	1	physics_9801008
EQIX230Q	$1$	2	physics_9801008,physics_9912056
EQIX231Q	$-1$	2	physics_9801008,physics_9912056
EQIX232Q	$\\!$	4	physics_9801008
EQIX233Q	$H^2\\!\\!$	1	physics_9801008
EQIX234Q	$\\overline{su}({4})$	1	physics_9801008
EQIX235Q	$(+,+,+)$	1	physics_9801008
EQIX236Q	$\\overline{su}({3,1})$	1	physics_9801008
EQIX237Q	$(-,+,+),(-,-,+),(+,+,-),(+,-,-)$	1	physics_9801008
EQIX238Q	$\\overline{su}({2,2})$	1	physics_9801008
EQIX239Q	$(+,-,+),(-,+,-),(-,-,-)$	1	physics_9801008
EQIX240Q	$\\overline{iu}({3})$	1	physics_9801008
EQIX241Q	$0,+,+$	1	physics_9801008
EQIX242Q	$[{\\alpha}_{1}]$	2	physics_9801008
EQIX243Q	$+,+,0$	1	physics_9801008
EQIX244Q	$[{\\alpha}_{3}]$	2	physics_9801008
EQIX245Q	$\\overline{iu}({2,1})$	1	physics_9801008
EQIX246Q	$(0,-,+),(0,+,-),(0,-,-)$	1	physics_9801008
EQIX247Q	$(+,-,0),(-,+,0),(-,-,0)$	1	physics_9801008
EQIX248Q	$\\overline{t}_8(u({2}) \\oplus u(1) \\oplus u(2))$	1	physics_9801008
EQIX249Q	$(+,0,+)$	1	physics_9801008
EQIX250Q	$[{\\alpha}_{2}]$	3	physics_9801008
EQIX251Q	$\\overline{t}_8(u({2}) \\oplus u(1) \\oplus  u({1,1}))$	1	physics_9801008
EQIX252Q	$(+,0,-),(-,0,+)$	1	physics_9801008
EQIX253Q	$\\overline{t}_8(u({1,1}) \\oplus u(1) \\oplus  u({1,1}))$	1	physics_9801008
EQIX254Q	$(-,0,-)$	1	physics_9801008
EQIX255Q	$0,0,+$	1	physics_9801008
EQIX256Q	$[{\\alpha}_{1},{\\alpha}_{2},{\\beta}_{12}]$	2	physics_9801008
EQIX257Q	$+,0,0$	1	physics_9801008
EQIX258Q	$[{\\alpha}_{2},{\\alpha}_{3},{\\beta}_{23}]$	2	physics_9801008
EQIX259Q	$0,0,-$	1	physics_9801008
EQIX260Q	$-,0,0$	1	physics_9801008
EQIX261Q	$0,+,0$	1	physics_9801008
EQIX262Q	$[{\\alpha}_{1},{\\alpha}_{3},{\\beta}_{13}]$	2	physics_9801008
EQIX263Q	$0,-,0$	1	physics_9801008
EQIX264Q	$0,0,0$	1	physics_9801008
EQIX265Q	$sp(p,q)$	1	physics_9801008
EQIX266Q	$C_l$	1	physics_9801008
EQIX267Q	$iso(p,q)$	1	physics_9801008
EQIX268Q	$N=p+q$	1	physics_9801008
EQIX269Q	$N=2$	1	physics_9801008
EQIX270Q	$iu(p,q)$	1	physics_9801008
EQIX271Q	${\\xi}(X, Y)$	1	physics_9801008
EQIX272Q	$j, m, b, i$	1	physics_9801008
EQIX273Q	${j}_{ab,de},\\ {m}_{ab,de},\\ {jm}_{ab,de},\\ {mj}_{ab,de}$	1	physics_9801008
EQIX274Q	$a<b<c<d$	1	physics_9801008
EQIX275Q	${j}_{ab,de}, {m}_{ab,de}, {jm}_{ab,de}, {mj}_{ab,de}$	1	physics_9801008
EQIX276Q	${jm}_{ab}$	3	physics_9801008
EQIX277Q	${jb}_{ab, i}, {mb}_{ab, i}$	1	physics_9801008
EQIX278Q	$i \\in \\{a,a+1,b,b+1\\}$	1	physics_9801008
EQIX279Q	${jb}_{ab, j}, {mb}_{ab, j}$	1	physics_9801008
EQIX280Q	$j \\notin \\{a,a+1,b,b+1\\}$	1	physics_9801008
EQIX281Q	${b}_{k,l}$	3	physics_9801008
EQIX282Q	${ji}_{ab}$	1	physics_9801008
EQIX283Q	${mi}_{ab}$	1	physics_9801008
EQIX284Q	${bi}_{l}$	1	physics_9801008
EQIX285Q	$a<d$	1	physics_9801008
EQIX286Q	$d<e$	1	physics_9801008
EQIX287Q	$a,b,c,d,e=0, \\dots N, \\ j,k,l=1,\\dots, N$	1	physics_9801008
EQIX288Q	$a, b, d, e$	1	physics_9801008
EQIX289Q	$\\{X,Y,Z\\}$	1	physics_9801008
EQIX290Q	$X$	1	physics_9801008
EQIX291Q	$Y$	1	physics_9801008
EQIX292Q	$Z$	1	physics_9801008
EQIX293Q	$b=a+1$	1	physics_9801008
EQIX294Q	$b\\ne a+1$	1	physics_9801008
EQIX295Q	$\\{ab, bc\\}$	1	physics_9801008
EQIX296Q	${\\eta}_{bc}$	1	physics_9801008
EQIX297Q	${\\tau}_{bc}$	1	physics_9801008
EQIX298Q	$\\{ac,bc\\}$	1	physics_9801008
EQIX299Q	${jm}_{ac}$	3	physics_9801008
EQIX300Q	$c$	2	physics_9801008
EQIX301Q	${jm}_{bc}$	1	physics_9801008
EQIX302Q	${\\omega}_{ii}\\equiv 1$	1	physics_9801008
EQIX303Q	$\\psi_n^{(\\mathrm{inc})}$	1	physics_0607231
EQIX304Q	$a_n$	1	physics_0607231
EQIX305Q	$\\psi_k^{(\\mathrm{scat})}$	1	physics_0607231
EQIX306Q	$p_k$	1	physics_0607231
EQIX307Q	$T_{kn}$	1	physics_0607231
EQIX308Q	$z$	4	physics_0607231,physics_9912056
EQIX309Q	$m$	3	physics_0607231
EQIX310Q	$m, m\\pm n, m\\pm 2n, m\\pm 3n$	1	physics_0607231
EQIX311Q	$m = 1$	2	physics_0607231
EQIX312Q	$m = -1$	2	physics_0607231
EQIX313Q	$J^2$	1	physics_0607231
EQIX314Q	$J_z$	1	physics_0607231
EQIX315Q	$1/p$	1	physics_0607231
EQIX316Q	$xy$	1	physics_0607231
EQIX317Q	$Cy$	1	physics_0607231
EQIX318Q	$1/8$	1	physics_0607231
EQIX319Q	$1.19 = 1.59/1.34$	1	physics_0607231
EQIX320Q	$2\\lambda$	1	physics_0607231
EQIX321Q	$\\lambda$	1	physics_0607231
EQIX322Q	$_{00}$	1	physics_0607231
EQIX323Q	$_{01}$	1	physics_0607231
EQIX324Q	$_{02}$	1	physics_0607231
EQIX325Q	$f(x)=\\sqrt{1-x^2}$	3	physics_9912056
EQIX326Q	$-1\\le x\\le +1$	1	physics_9912056
EQIX327Q	$x$	5	physics_9912056
EQIX328Q	$N^{-s}$	2	physics_9912056
EQIX329Q	$s$	2	physics_9912056
EQIX330Q	$f(x)$	9	physics_9912056
EQIX331Q	$x=\\pm 1$	3	physics_9912056
EQIX332Q	$x=\\sin{\\theta}$	1	physics_9912056
EQIX333Q	$-\\pi/2\\le\\theta\\le\\pi/2$	1	physics_9912056
EQIX334Q	$f(x)=\\cos{\\theta}$	1	physics_9912056
EQIX335Q	$(2/\\pi)\\theta$	1	physics_9912056
EQIX336Q	$P_l((2/\\pi)\\theta)$	1	physics_9912056
EQIX337Q	$\\theta$	1	physics_9912056
EQIX338Q	$f_n$	1	physics_9912056
EQIX339Q	$s=\\frac{1}{2}, \\frac{3}{2}, \\frac{5}{2}, \\cdots, \\frac{1}{2}+L$	1	physics_9912056
EQIX340Q	$s!\\equiv\\Gamma(s+1)$	2	physics_9912056
EQIX341Q	$n \\gg 1$	1	physics_9912056
EQIX342Q	$L/n \\simeq 2/3$	1	physics_9912056
EQIX343Q	$\\sqrt{\\frac{27}{2\\pi^2}} n^{-2} 3^{-n}$	1	physics_9912056
EQIX344Q	$f_0, \\cdots, f_n$	1	physics_9912056
EQIX345Q	$\\tilde{f}_{1/2}, \\cdots, \\tilde{f}_{1/2+L}$	1	physics_9912056
EQIX346Q	$\\mathcal{L}_N$	8	physics_9912056
EQIX347Q	$O$	5	physics_9912056
EQIX348Q	$N\\times N$	3	physics_9912056
EQIX349Q	$\\Psi\\in\\mathcal{L}_N$	1	physics_9912056
EQIX350Q	$\\Psi_O\\equiv O\\Psi$	1	physics_9912056
EQIX351Q	$\\notin\\mathcal{L}_N$	1	physics_9912056
EQIX352Q	$\\Xi\\in\\mathcal{L}_N$	1	physics_9912056
EQIX353Q	$\\Psi_O$	2	physics_9912056
EQIX354Q	$(,)$	1	physics_9912056
EQIX355Q	$\\phi_i\\in\\mathcal{L}_N$	1	physics_9912056
EQIX356Q	$(\\phi_i, \\phi_j)=\\delta_{ij}$	1	physics_9912056
EQIX357Q	$1\\le i, j\\le N$	1	physics_9912056
EQIX358Q	$x_a$	1	physics_9912056
EQIX359Q	$(,)'$	1	physics_9912056
EQIX360Q	$(\\phi,\\psi)'\\equiv\\sum_{a}\\phi^{*}(x_{a})\\psi(x_{a})$	1	physics_9912056
EQIX361Q	$\\phi$	2	physics_9912056
EQIX362Q	$\\psi$	20	physics_9912056
EQIX363Q	$\\tilde{\\phi}_i$	1	physics_9912056
EQIX364Q	$(\\tilde{\\phi}_{i}, \\tilde{\\phi}_{j})'=\\delta_{ij}$	1	physics_9912056
EQIX365Q	$(u,w)$	17	physics_9912056
EQIX366Q	$x=r_{1}^{2}-r_{2}^{2}$	1	physics_9912056
EQIX367Q	$y=2 r_{1} r_{2} \\cos\\theta_{12}$	1	physics_9912056
EQIX368Q	$z=2 r_{1} r_{2} \\sin\\theta_{12}$	1	physics_9912056
EQIX369Q	$t = r_{1}^{2}+r_{2}^{2} = \\sqrt{x^{2}+y^{2}+z^{2}}$	1	physics_9912056
EQIX370Q	$r_1$	5	physics_9912056
EQIX371Q	$r_2$	5	physics_9912056
EQIX372Q	$\\theta_{12}$	2	physics_9912056
EQIX373Q	$y$	1	physics_9912056
EQIX374Q	$\\hbar=m_e=e^{2}/(4\\pi\\varepsilon_{0})=1$	1	physics_9912056
EQIX375Q	$r_{12}$	4	physics_9912056
EQIX376Q	$n=0, 1/2, 1, 3/2, 2, \\cdots$	1	physics_9912056
EQIX377Q	$k=0, 1, 2, \\cdots$	1	physics_9912056
EQIX378Q	$\\psi_{n,k}$	5	physics_9912056
EQIX379Q	$\\alpha\\equiv x/t$	1	physics_9912056
EQIX380Q	$\\beta\\equiv y/t$	1	physics_9912056
EQIX381Q	$\\rho\\equiv\\sqrt{t}$	1	physics_9912056
EQIX382Q	$k>n$	1	physics_9912056
EQIX383Q	$\\psi_{n,k}\\equiv 0$	1	physics_9912056
EQIX384Q	$\\alpha$	1	physics_9912056
EQIX385Q	$\\beta$	1	physics_9912056
EQIX386Q	$p\\equiv -E/2$	1	physics_9912056
EQIX387Q	$t^{n}(\\ln t)^k$	1	physics_9912056
EQIX388Q	$L_{n}\\equiv n(n+2)+L_{0}$	1	physics_9912056
EQIX389Q	$(\\alpha, \\beta)$	1	physics_9912056
EQIX390Q	$\\alpha^{2}+\\beta^{2}\\le 1$	1	physics_9912056
EQIX391Q	$\\psi_{n,k}(\\alpha,\\beta)$	1	physics_9912056
EQIX392Q	$\\alpha=\\pm 1$	2	physics_9912056
EQIX393Q	$\\beta=1$	3	physics_9912056
EQIX394Q	$(1-\\alpha)^{s}$	1	physics_9912056
EQIX395Q	$(1+\\alpha)^{s}$	1	physics_9912056
EQIX396Q	$(1-\\beta)^{s}$	1	physics_9912056
EQIX397Q	$s=\\frac{1}{2}, \\frac{3}{2}, \\frac{5}{2}, \\cdots$	1	physics_9912056
EQIX398Q	$(\\alpha,\\beta)$	5	physics_9912056
EQIX399Q	$a+b\\le L_f+L_s$	1	physics_9912056
EQIX400Q	$L_f+L_s$	1	physics_9912056
EQIX401Q	$a\\gg b$	1	physics_9912056
EQIX402Q	$a\\gg 1$	1	physics_9912056
EQIX403Q	$b\\gg a$	1	physics_9912056
EQIX404Q	$b\\gg 1$	1	physics_9912056
EQIX405Q	${s \\choose a}\\equiv(s!)/[a!(s-a)!]$	1	physics_9912056
EQIX406Q	$\\psi_{n,k}(-\\alpha,\\beta)=\\psi_{n,k}(\\alpha,\\beta)$	1	physics_9912056
EQIX407Q	$[1+(-1)^{a}]$	1	physics_9912056
EQIX408Q	$[1-(-1)^{a}]$	1	physics_9912056
EQIX409Q	$(a,b)$	1	physics_9912056
EQIX410Q	$0\\le a,b\\le L_f$	1	physics_9912056
EQIX411Q	$a+b\\le L_{f}+L_{s}$	1	physics_9912056
EQIX412Q	$L_f\\gg L_s\\gg 1$	2	physics_9912056
EQIX413Q	$a>L_{f}$	1	physics_9912056
EQIX414Q	$b\\le L_s$	1	physics_9912056
EQIX415Q	$b>L_{f}$	1	physics_9912056
EQIX416Q	$a\\le L_s$	1	physics_9912056
EQIX417Q	$v(\\alpha,\\beta)$	1	physics_9912056
EQIX418Q	$L_{n}f=g$	2	physics_9912056
EQIX419Q	$f$	1	physics_9912056
EQIX420Q	$n=[n]+\\frac{1}{2}$	1	physics_9912056
EQIX421Q	$[n]$	1	physics_9912056
EQIX422Q	$\\psi_{n,[n]}$	1	physics_9912056
EQIX423Q	$8_{n,[n]}$	1	physics_9912056
EQIX424Q	$\\psi_{n,[n]-1}$	1	physics_9912056
EQIX425Q	$8_{n,[n]-1}$	1	physics_9912056
EQIX426Q	$\\cdots$	1	physics_9912056
EQIX427Q	$\\psi_{n,0}$	3	physics_9912056
EQIX428Q	$8_{n,0}$	2	physics_9912056
EQIX429Q	$s=\\frac{1}{2}$	1	physics_9912056
EQIX430Q	$s=L_{i}-{1 \\over 2}$	1	physics_9912056
EQIX431Q	$a+b=L_{f}+L_{s}$	1	physics_9912056
EQIX432Q	$a+b=0$	1	physics_9912056
EQIX433Q	$a=b=0$	1	physics_9912056
EQIX434Q	$L_{n}$	1	physics_9912056
EQIX435Q	$a+b>n$	2	physics_9912056
EQIX436Q	$\\psi_{n,n}$	1	physics_9912056
EQIX437Q	$k\\gets n-1$	1	physics_9912056
EQIX438Q	$k<0$	1	physics_9912056
EQIX439Q	$8_{n,k}$	2	physics_9912056
EQIX440Q	$a+b=n$	2	physics_9912056
EQIX441Q	$\\psi_{n,k+1}$	2	physics_9912056
EQIX442Q	$a+b<n$	2	physics_9912056
EQIX443Q	$8_{n,k+1}$	1	physics_9912056
EQIX444Q	$a+b$	2	physics_9912056
EQIX445Q	$0$	2	physics_9912056
EQIX446Q	$k\\gets k-1$	1	physics_9912056
EQIX447Q	$\\psi\\to 0$	1	physics_9912056
EQIX448Q	$t\\to +\\infty$	1	physics_9912056
EQIX449Q	$\\sqrt{t} \\le \\rho_{0}$	1	physics_9912056
EQIX450Q	$L_{f}=100$	1	physics_9912056
EQIX451Q	$L_{s}=20$	1	physics_9912056
EQIX452Q	$L_{i}=6$	1	physics_9912056
EQIX453Q	$n_{max}=7.5$	1	physics_9912056
EQIX454Q	$\\rho_{0}=0.4$	3	physics_9912056
EQIX455Q	$\\sqrt{t}\\le\\rho_{0}$	1	physics_9912056
EQIX456Q	$10^{10}$	3	physics_9912056
EQIX457Q	$E$	1	physics_9912056
EQIX458Q	$p \\equiv -E/2$	1	physics_9912056
EQIX459Q	$E_{initial} = -2.9037$	1	physics_9912056
EQIX460Q	$E_{initial} = -2.903724377$	1	physics_9912056
EQIX461Q	$\\psi_{app}$	1	physics_9912056
EQIX462Q	$(H\\psi_{app})/\\psi_{app}$	1	physics_9912056
EQIX463Q	$H$	1	physics_9912056
EQIX464Q	$E_{initial}$	1	physics_9912056
EQIX465Q	$\\rho\\equiv\\sqrt{t}\\equiv\\sqrt{r_{1}^2+r_{2}^2}$	1	physics_9912056
EQIX466Q	$\\rho$	22	physics_9912056
EQIX467Q	$\\psi=\\frac{r_{1}-r_{2}}{\\rho}\\phi$	1	physics_9912056
EQIX468Q	$f(x)=\\exp(-x),~-1\\le x \\le +1$	1	physics_9912056
EQIX469Q	$f(x)\\doteq\\sum_{l=0}^{n}f_{l}P_{l}(x)$	1	physics_9912056
EQIX470Q	$1/(2^{n}n!)$	1	physics_9912056
EQIX471Q	$(\\rho,u,w)$	1	physics_9912056
EQIX472Q	$L_0$	2	physics_9912056
EQIX473Q	$C$	3	physics_9912056
EQIX474Q	$\\mathcal{D}$	4	physics_9912056
EQIX475Q	$u$	2	physics_9912056
EQIX476Q	$w$	2	physics_9912056
EQIX477Q	$\\sqrt{2}-1$	1	physics_9912056
EQIX478Q	$\\sqrt{2}$	1	physics_9912056
EQIX479Q	$A$	2	physics_9912056
EQIX480Q	$N=(n+1)(n+2)/2$	1	physics_9912056
EQIX481Q	$m(w)$	1	physics_9912056
EQIX482Q	$m(w)=\\sqrt{2-w^{2}}-1$	1	physics_9912056
EQIX483Q	$w<1$	1	physics_9912056
EQIX484Q	$m(w)=w-1$	1	physics_9912056
EQIX485Q	$w\\ge 1$	1	physics_9912056
EQIX486Q	$a\\equiv (a_{1},a_{2})$	1	physics_9912056
EQIX487Q	$0\\le a_{1}<n_{1}$	1	physics_9912056
EQIX488Q	$0\\le a_{2}<n_{2}$	1	physics_9912056
EQIX489Q	$n_{1}=n_{2}=2n$	1	physics_9912056
EQIX490Q	$4n^{2}$	1	physics_9912056
EQIX491Q	$\\rho<\\rho_{0}$	1	physics_9912056
EQIX492Q	$\\rho>\\rho_{0}/2$	1	physics_9912056
EQIX493Q	$\\rho=\\rho_{0}$	1	physics_9912056
EQIX494Q	$\\rho_{0}/2<\\rho<\\rho_{0}$	2	physics_9912056
EQIX495Q	$\\rho\\ge\\rho_{0}$	1	physics_9912056
EQIX496Q	$\\rho=\\rho_{1}$	1	physics_9912056
EQIX497Q	$N_{\\rho}\\times N$	2	physics_9912056
EQIX498Q	$N_{\\rho}$	1	physics_9912056
EQIX499Q	$E_0$	1	physics_9912056
EQIX500Q	$E_1$	1	physics_9912056
EQIX501Q	$\\rho_0$	1	physics_9912056
EQIX502Q	$(-160)$	1	physics_9912056
EQIX503Q	$t^{7.5}$	1	physics_9912056
EQIX504Q	$n=10$	1	physics_9912056
EQIX505Q	$N=66$	2	physics_9912056
EQIX506Q	$N_{\\rho}=40$	1	physics_9912056
EQIX507Q	$\\rho_{1}\\doteq 11.32$	1	physics_9912056
EQIX508Q	$0.4\\times 1.2^{8}+9.6\\doteq 11.32$	1	physics_9912056
EQIX509Q	$\\rho=l$	1	physics_9912056
EQIX510Q	$\\rho>l/2$	1	physics_9912056
EQIX511Q	$\\rho=0$	2	physics_9912056
EQIX512Q	$1.1\\times 10^{-9}$	1	physics_9912056
EQIX513Q	$-2.90359$	1	physics_9912056
EQIX514Q	$(l1,l2)$	1	physics_9912056
EQIX515Q	$r_{12}=0$	1	physics_9912056
EQIX516Q	$-2.903724300$	1	physics_9912056
EQIX517Q	$26.5\\times 10^{-9}$	1	physics_9912056
EQIX518Q	$-2.903724368$	1	physics_9912056
EQIX519Q	$3.1\\times 10^{-9}$	1	physics_9912056
EQIX520Q	$\\rho^{m}(\\ln\\rho)^{k}$	1	physics_9912056
EQIX521Q	$\\psi/[(r_{1}-r_{2})/\\rho]$	2	physics_9912056
EQIX522Q	$r_{1}+r_{2}$	2	physics_9912056
EQIX523Q	$r_{1}-r_{2}$	2	physics_9912056
EQIX524Q	$(r_{1}-r_{2})^2$	1	physics_9912056
EQIX525Q	$2\\rho^{2}-(r_{1}+r_{2})^{2}$	1	physics_9912056
EQIX526Q	$\\frac{r_{1}-r_{2}}{\\rho}$	1	physics_9912056
EQIX527Q	$N^{-p}$	1	physics_9912056
EQIX528Q	$\\exp(-\\gamma\\sqrt{N})$	1	physics_9912056
